timestamp,last_close,suggestion,score,RSI,MACD,MACD_signal,SMA_50,SMA_100,BB_upper,BB_lower,reasons
2025-03-12 22:35:13,560.17,🔍 持续观察,0.5,57.85,0.64,1.07,554.49,553.32,562.2,554.7,MACD 低于信号线，市场可能下跌; 50均线上穿100均线，长期看涨
2025-03-12 22:50:15,559.68,🔍 持续观察,0.5,56.46,0.72,1.0,554.65,553.44,562.27,554.72,MACD 低于信号线，市场可能下跌; 50均线上穿100均线，长期看涨
2025-03-12 23:05:16,555.29,🔍 持续观察,0.5,44.93,0.45,0.89,554.76,553.53,562.37,554.29,MACD 低于信号线，市场可能下跌; 50均线上穿100均线，长期看涨
2025-03-12 23:20:17,553.33,🔍 持续观察,0.5,41.2,-0.06,0.68,554.81,553.61,562.9,553.13,MACD 低于信号线，市场可能下跌; 50均线上穿100均线，长期看涨
2025-03-12 23:35:18,550.22,✅ 可能买入机会,2.0,35.95,-0.72,0.37,554.8,553.7,563.9,551.28,MACD 低于信号线，市场可能下跌; 50均线上穿100均线，长期看涨; 价格触及布林带下轨，市场可能超卖（买入信号）
2025-03-12 23:50:19,552.02,🔍 持续观察,0.5,41.06,-0.96,0.1,554.84,553.78,564.12,550.51,MACD 低于信号线，市场可能下跌; 50均线上穿100均线，长期看涨
2025-03-13 00:05:20,555.18,🔍 持续观察,0.5,48.39,-0.86,-0.09,554.99,553.86,563.85,550.37,MACD 低于信号线，市场可能下跌; 50均线上穿100均线，长期看涨
2025-03-13 00:20:22,555.84,🔍 持续观察,0.5,49.64,-0.67,-0.19,555.2,553.97,563.77,550.36,MACD 低于信号线，市场可能下跌; 50均线上穿100均线，长期看涨
2025-03-13 00:35:23,557.31,🔍 持续观察,0.5,52.6,-0.5,-0.26,555.41,554.06,563.72,550.28,MACD 低于信号线，市场可能下跌; 50均线上穿100均线，长期看涨
2025-03-13 00:50:23,558.27,🔍 持续观察,0.5,54.64,-0.34,-0.3,555.64,554.14,563.61,550.18,MACD 低于信号线，市场可能下跌; 50均线上穿100均线，长期看涨
2025-03-13 01:05:24,558.49,✅ 可能买入机会,3.5,55.12,-0.14,-0.27,555.88,554.25,563.51,550.17,MACD 高于信号线，市场有上升趋势; 50均线上穿100均线，长期看涨
2025-03-13 01:20:25,560.59,✅ 可能买入机会,3.5,58.89,0.32,-0.14,556.17,554.35,563.76,550.12,MACD 高于信号线，市场有上升趋势; 50均线上穿100均线，长期看涨
2025-03-13 01:35:25,559.1,✅ 可能买入机会,3.5,55.64,0.41,-0.04,556.39,554.43,563.28,550.28,MACD 高于信号线，市场有上升趋势; 50均线上穿100均线，长期看涨
2025-03-13 01:50:26,558.35,✅ 可能买入机会,3.5,53.82,0.42,0.04,556.51,554.51,562.46,550.6,MACD 高于信号线，市场有上升趋势; 50均线上穿100均线，长期看涨
2025-03-13 02:05:27,558.06,✅ 可能买入机会,3.5,52.99,0.35,0.08,556.6,554.57,561.99,550.68,MACD 高于信号线，市场有上升趋势; 50均线上穿100均线，长期看涨
2025-03-13 02:20:28,560.12,✅ 可能买入机会,3.5,57.0,0.64,0.21,556.78,554.72,562.44,550.56,MACD 高于信号线，市场有上升趋势; 50均线上穿100均线，长期看涨
2025-03-13 02:35:28,561.19,✅ 可能买入机会,3.5,58.99,0.89,0.35,557.01,554.84,563.06,550.38,MACD 高于信号线，市场有上升趋势; 50均线上穿100均线，长期看涨
2025-03-13 02:50:29,561.51,✅ 可能买入机会,3.5,59.56,1.09,0.5,557.19,554.96,563.71,550.4,MACD 高于信号线，市场有上升趋势; 50均线上穿100均线，长期看涨
2025-03-13 03:05:30,562.86,✅ 可能买入机会,3.5,62.12,1.34,0.67,557.42,555.05,564.55,550.34,MACD 高于信号线，市场有上升趋势; 50均线上穿100均线，长期看涨
2025-03-13 03:20:31,563.8,✅ 可能买入机会,3.5,63.67,1.64,0.88,557.68,555.13,565.61,550.15,MACD 高于信号线，市场有上升趋势; 50均线上穿100均线，长期看涨
2025-03-13 03:35:32,565.01,✅ 可能买入机会,3.5,65.72,1.89,1.08,557.9,555.22,566.4,549.85,MACD 高于信号线，市场有上升趋势; 50均线上穿100均线，长期看涨
2025-03-13 03:50:32,565.06,✅ 可能买入机会,3.5,65.78,2.07,1.28,558.11,555.29,567.17,549.59,MACD 高于信号线，市场有上升趋势; 50均线上穿100均线，长期看涨
2025-03-13 04:05:33,567.95,✅ 可能买入机会,2.5,70.5,2.5,1.54,558.4,555.43,568.77,549.57,RSI 高于 70，市场可能超买（卖出信号）; MACD 高于信号线，市场有上升趋势; 50均线上穿100均线，长期看涨
2025-03-13 04:20:34,569.52,✅ 可能买入机会,2.5,72.69,2.9,1.82,558.7,555.57,570.14,550.12,RSI 高于 70，市场可能超买（卖出信号）; MACD 高于信号线，市场有上升趋势; 50均线上穿100均线，长期看涨
2025-03-13 04:35:35,567.88,✅ 可能买入机会,3.5,67.04,2.84,1.99,558.84,555.66,569.88,551.9,MACD 高于信号线，市场有上升趋势; 50均线上穿100均线，长期看涨
2025-03-13 04:50:35,568.2,✅ 可能买入机会,3.5,67.55,2.96,2.19,559.08,555.79,570.35,553.04,MACD 高于信号线，市场有上升趋势; 50均线上穿100均线，长期看涨
2025-03-13 08:21:55,569.31,🔍 持续观察,0.5,54.74,2.16,2.91,562.97,558.03,575.38,565.21,MACD 低于信号线，市场可能下跌; 50均线上穿100均线，长期看涨
2025-03-13 08:36:55,568.92,🔍 持续观察,0.5,53.45,1.87,2.69,563.16,558.2,575.04,565.89,MACD 低于信号线，市场可能下跌; 50均线上穿100均线，长期看涨
2025-03-13 08:51:56,569.02,🔍 持续观察,0.5,53.49,1.68,2.5,563.35,558.38,574.83,566.4,MACD 低于信号线，市场可能下跌; 50均线上穿100均线，长期看涨
2025-03-13 09:06:57,569.03,🔍 持续观察,0.5,53.31,1.43,2.27,563.48,558.55,574.87,566.28,MACD 低于信号线，市场可能下跌; 50均线上穿100均线，长期看涨
2025-03-13 09:21:57,569.35,🔍 持续观察,0.5,54.0,1.34,2.09,563.63,558.73,574.69,566.77,MACD 低于信号线，市场可能下跌; 50均线上穿100均线，长期看涨
2025-03-13 09:36:58,571.29,🔍 持续观察,0.5,59.45,1.42,1.97,563.87,558.94,574.65,567.2,MACD 低于信号线，市场可能下跌; 50均线上穿100均线，长期看涨
2025-03-13 09:51:59,573.49,🔍 持续观察,0.5,64.53,1.62,1.9,564.18,559.16,574.95,567.4,MACD 低于信号线，市场可能下跌; 50均线上穿100均线，长期看涨
2025-03-13 10:07:00,574.45,🔍 持续观察,0.5,65.77,1.89,1.92,564.55,559.4,575.54,567.16,MACD 低于信号线，市场可能下跌; 50均线上穿100均线，长期看涨
2025-03-13 10:22:00,573.35,🔍 持续观察,0.5,61.83,1.85,1.89,564.9,559.6,575.49,567.21,MACD 低于信号线，市场可能下跌; 50均线上穿100均线，长期看涨
2025-03-13 10:37:01,573.07,🔍 持续观察,0.5,60.39,1.87,1.9,565.26,559.79,575.71,567.21,MACD 低于信号线，市场可能下跌; 50均线上穿100均线，长期看涨
2025-03-13 10:52:02,574.64,✅ 可能买入机会,3.5,63.03,1.91,1.89,565.61,559.98,576.02,567.16,MACD 高于信号线，市场有上升趋势; 50均线上穿100均线，长期看涨
2025-03-13 11:07:02,573.25,🔍 持续观察,0.5,58.56,1.84,1.88,565.87,560.18,575.83,567.22,MACD 低于信号线，市场可能下跌; 50均线上穿100均线，长期看涨
2025-03-13 11:22:03,576.32,✅ 可能买入机会,3.5,66.35,2.09,1.94,566.22,560.44,576.43,566.94,MACD 高于信号线，市场有上升趋势; 50均线上穿100均线，长期看涨
2025-03-13 11:37:04,575.87,✅ 可能买入机会,3.5,64.51,2.17,1.98,566.67,560.7,576.78,566.78,MACD 高于信号线，市场有上升趋势; 50均线上穿100均线，长期看涨
2025-03-13 11:52:05,576.89,✅ 可能买入机会,3.5,67.48,2.32,2.06,567.2,560.99,577.61,566.44,MACD 高于信号线，市场有上升趋势; 50均线上穿100均线，长期看涨
2025-03-13 12:07:05,580.05,🔍 持续观察,1.0,73.11,2.64,2.18,567.81,561.3,579.08,565.86,RSI 高于 70，市场可能超买（卖出信号）; MACD 高于信号线，市场有上升趋势; 50均线上穿100均线，长期看涨; 价格触及布林带上轨，市场可能超买（卖出信号）
2025-03-13 12:22:06,579.73,✅ 可能买入机会,3.5,69.1,2.89,2.34,568.38,561.61,580.41,565.74,MACD 高于信号线，市场有上升趋势; 50均线上穿100均线，长期看涨
2025-03-13 12:37:07,578.6,✅ 可能买入机会,3.5,64.8,2.79,2.41,568.79,561.9,580.77,566.1,MACD 高于信号线，市场有上升趋势; 50均线上穿100均线，长期看涨
2025-03-13 12:52:08,580.7,✅ 可能买入机会,3.5,68.28,3.03,2.55,569.33,562.26,581.98,566.11,MACD 高于信号线，市场有上升趋势; 50均线上穿100均线，长期看涨
2025-03-13 13:07:08,580.82,✅ 可能买入机会,3.5,68.54,3.08,2.65,569.82,562.6,582.73,566.39,MACD 高于信号线，市场有上升趋势; 50均线上穿100均线，长期看涨
2025-03-13 13:22:09,578.18,✅ 可能买入机会,3.5,60.59,2.78,2.65,570.19,562.91,582.56,567.3,MACD 高于信号线，市场有上升趋势; 50均线上穿100均线，长期看涨
2025-03-13 13:37:10,574.48,🔍 持续观察,0.5,50.3,2.29,2.57,570.47,563.19,582.28,568.01,MACD 低于信号线，市场可能下跌; 50均线上穿100均线，长期看涨
2025-03-13 13:52:11,574.56,🔍 持续观察,0.5,50.45,1.96,2.45,570.77,563.46,581.82,569.16,MACD 低于信号线，市场可能下跌; 50均线上穿100均线，长期看涨
2025-03-13 14:07:12,574.88,🔍 持续观察,0.5,51.04,1.75,2.32,571.12,563.75,581.52,570.09,MACD 低于信号线，市场可能下跌; 50均线上穿100均线，长期看涨
2025-03-13 14:22:12,576.83,🔍 持续观察,0.5,55.98,1.68,2.2,571.53,564.0,581.23,571.09,MACD 低于信号线，市场可能下跌; 50均线上穿100均线，长期看涨
2025-03-13 14:37:13,578.65,🔍 持续观察,0.5,60.08,1.71,2.1,571.91,564.27,581.25,571.76,MACD 低于信号线，市场可能下跌; 50均线上穿100均线，长期看涨
2025-03-13 14:52:14,579.39,🔍 持续观察,0.5,61.74,1.75,2.02,572.27,564.54,581.49,571.91,MACD 低于信号线，市场可能下跌; 50均线上穿100均线，长期看涨
2025-03-13 15:07:14,577.38,🔍 持续观察,0.5,56.05,1.59,1.92,572.58,564.8,581.35,572.36,MACD 低于信号线，市场可能下跌; 50均线上穿100均线，长期看涨
2025-03-13 15:22:15,577.47,🔍 持续观察,0.5,56.2,1.49,1.84,572.89,565.04,581.29,572.76,MACD 低于信号线，市场可能下跌; 50均线上穿100均线，长期看涨
2025-03-13 15:37:16,577.49,🔍 持续观察,0.5,56.04,1.36,1.73,573.14,565.29,580.93,573.56,MACD 低于信号线，市场可能下跌; 50均线上穿100均线，长期看涨
2025-03-13 15:52:16,578.14,🔍 持续观察,0.5,57.76,1.34,1.65,573.43,565.56,580.9,573.96,MACD 低于信号线，市场可能下跌; 50均线上穿100均线，长期看涨
2025-03-13 16:07:17,580.26,🔍 持续观察,0.5,62.88,1.48,1.61,573.73,565.82,581.09,574.35,MACD 低于信号线，市场可能下跌; 50均线上穿100均线，长期看涨
2025-03-13 16:22:18,579.24,🔍 持续观察,0.5,58.97,1.5,1.59,573.99,566.07,581.27,574.48,MACD 低于信号线，市场可能下跌; 50均线上穿100均线，长期看涨
2025-03-13 16:37:19,577.08,🔍 持续观察,0.5,52.45,1.11,1.45,574.09,566.25,581.15,574.29,MACD 低于信号线，市场可能下跌; 50均线上穿100均线，长期看涨
2025-03-13 16:52:20,575.56,🔍 持续观察,0.5,48.92,0.75,1.28,574.22,566.43,581.27,573.8,MACD 低于信号线，市场可能下跌; 50均线上穿100均线，长期看涨
2025-03-13 17:07:20,578.33,🔍 持续观察,0.5,55.63,0.84,1.2,574.43,566.64,580.74,574.07,MACD 低于信号线，市场可能下跌; 50均线上穿100均线，长期看涨
2025-03-13 17:22:21,579.29,🔍 持续观察,0.5,57.77,0.93,1.14,574.63,566.86,580.85,574.04,MACD 低于信号线，市场可能下跌; 50均线上穿100均线，长期看涨
2025-03-13 17:37:21,576.69,🔍 持续观察,0.5,51.27,0.69,1.03,574.68,567.03,580.3,574.08,MACD 低于信号线，市场可能下跌; 50均线上穿100均线，长期看涨
2025-03-13 17:52:22,578.9,🔍 持续观察,0.5,57.03,0.83,1.0,574.83,567.25,580.04,574.27,MACD 低于信号线，市场可能下跌; 50均线上穿100均线，长期看涨
2025-03-13 18:07:23,580.0,✅ 可能买入机会,3.5,59.54,1.01,1.0,575.01,567.49,580.35,574.12,MACD 高于信号线，市场有上升趋势; 50均线上穿100均线，长期看涨
2025-03-13 18:22:24,579.87,✅ 可能买入机会,3.5,58.54,1.12,1.03,575.19,567.74,580.79,573.99,MACD 高于信号线，市场有上升趋势; 50均线上穿100均线，长期看涨
2025-03-13 18:37:24,580.24,✅ 可能买入机会,3.5,59.73,1.23,1.08,575.32,567.98,581.15,574.22,MACD 高于信号线，市场有上升趋势; 50均线上穿100均线，长期看涨
2025-03-13 18:52:25,581.2,✅ 可能买入机会,3.5,61.72,1.32,1.12,575.45,568.2,581.55,574.35,MACD 高于信号线，市场有上升趋势; 50均线上穿100均线，长期看涨
2025-03-13 19:07:26,581.06,✅ 可能买入机会,3.5,61.43,1.38,1.17,575.59,568.42,581.81,574.63,MACD 高于信号线，市场有上升趋势; 50均线上穿100均线，长期看涨
2025-03-13 19:22:27,579.94,✅ 可能买入机会,3.5,57.19,1.31,1.19,575.73,568.64,581.92,574.82,MACD 高于信号线，市场有上升趋势; 50均线上穿100均线，长期看涨
2025-03-13 19:37:27,577.9,🔍 持续观察,0.5,50.14,1.06,1.16,575.84,568.85,581.84,574.83,MACD 低于信号线，市场可能下跌; 50均线上穿100均线，长期看涨
2025-03-13 19:52:28,578.54,🔍 持续观察,0.5,52.03,1.02,1.15,576.06,569.07,581.91,574.88,MACD 低于信号线，市场可能下跌; 50均线上穿100均线，长期看涨
2025-03-13 20:07:29,578.82,🔍 持续观察,0.5,53.02,0.92,1.1,576.24,569.26,581.95,575.0,MACD 低于信号线，市场可能下跌; 50均线上穿100均线，长期看涨
2025-03-13 20:22:30,579.81,🔍 持续观察,0.5,56.31,0.94,1.08,576.45,569.49,582.08,575.23,MACD 低于信号线，市场可能下跌; 50均线上穿100均线，长期看涨
2025-03-13 20:37:31,578.51,🔍 持续观察,0.5,50.54,0.92,1.07,576.65,569.71,582.36,575.22,MACD 低于信号线，市场可能下跌; 50均线上穿100均线，长期看涨
2025-03-13 20:52:31,578.26,🔍 持续观察,0.5,49.69,0.78,1.01,576.85,569.91,582.37,575.26,MACD 低于信号线，市场可能下跌; 50均线上穿100均线，长期看涨
2025-03-13 21:07:32,593.98,🔍 持续观察,1.0,75.01,1.89,1.19,577.34,570.25,586.99,571.98,RSI 高于 70，市场可能超买（卖出信号）; MACD 高于信号线，市场有上升趋势; 50均线上穿100均线，长期看涨; 价格触及布林带上轨，市场可能超买（卖出信号）
2025-03-13 21:22:33,599.17,🔍 持续观察,1.0,78.56,3.48,1.71,578.06,570.7,593.5,568.33,RSI 高于 70，市场可能超买（卖出信号）; MACD 高于信号线，市场有上升趋势; 50均线上穿100均线，长期看涨; 价格触及布林带上轨，市场可能超买（卖出信号）
2025-03-13 21:37:34,592.35,✅ 可能买入机会,3.5,64.53,3.83,2.14,578.52,571.01,594.99,568.57,MACD 高于信号线，市场有上升趋势; 50均线上穿100均线，长期看涨
2025-03-13 21:52:35,589.79,✅ 可能买入机会,3.5,59.95,3.61,2.38,578.83,571.24,595.17,569.41,MACD 高于信号线，市场有上升趋势; 50均线上穿100均线，长期看涨
2025-03-13 22:07:36,587.45,✅ 可能买入机会,3.5,56.33,3.1,2.46,579.03,571.45,594.99,569.95,MACD 高于信号线，市场有上升趋势; 50均线上穿100均线，长期看涨
2025-03-13 22:22:37,590.55,✅ 可能买入机会,3.5,59.01,3.48,2.71,579.42,571.81,596.4,570.22,MACD 高于信号线，市场有上升趋势; 50均线上穿100均线，长期看涨
2025-03-13 22:37:37,594.56,✅ 可能买入机会,3.5,62.84,3.88,2.95,579.85,572.19,597.91,570.48,MACD 高于信号线，市场有上升趋势; 50均线上穿100均线，长期看涨
2025-03-13 22:52:38,580.42,🔍 持续观察,0.5,47.33,2.14,2.61,579.71,572.31,596.42,570.69,MACD 低于信号线，市场可能下跌; 50均线上穿100均线，长期看涨
2025-03-13 23:07:39,576.42,🔍 持续观察,0.5,43.51,1.2,2.31,579.76,572.5,596.53,570.03,MACD 低于信号线，市场可能下跌; 50均线上穿100均线，长期看涨
2025-03-13 23:22:40,581.81,🔍 持续观察,0.5,49.41,1.07,2.09,579.94,572.78,596.49,570.38,MACD 低于信号线，市场可能下跌; 50均线上穿100均线，长期看涨
2025-03-13 23:37:40,578.55,🔍 持续观察,0.5,46.08,0.66,1.82,580.05,572.97,596.54,570.3,MACD 低于信号线，市场可能下跌; 50均线上穿100均线，长期看涨
2025-03-13 23:52:41,580.05,🔍 持续观察,0.5,47.72,0.42,1.55,580.13,573.18,596.53,570.28,MACD 低于信号线，市场可能下跌; 50均线上穿100均线，长期看涨
2025-03-14 00:07:42,581.59,🔍 持续观察,0.5,49.45,0.38,1.33,580.25,573.47,596.54,570.45,MACD 低于信号线，市场可能下跌; 50均线上穿100均线，长期看涨
2025-03-14 00:22:43,582.38,🔍 持续观察,0.5,50.43,0.33,1.12,580.35,573.78,596.57,570.71,MACD 低于信号线，市场可能下跌; 50均线上穿100均线，长期看涨
2025-03-14 00:37:44,581.49,🔍 持续观察,0.5,49.36,0.17,0.92,580.34,574.08,596.54,570.88,MACD 低于信号线，市场可能下跌; 50均线上穿100均线，长期看涨
2025-03-14 00:52:45,578.33,🔍 持续观察,0.5,45.47,-0.29,0.65,580.3,574.32,596.55,570.63,MACD 低于信号线，市场可能下跌; 50均线上穿100均线，长期看涨
2025-03-14 01:07:45,580.73,🔍 持续观察,0.5,48.69,-0.2,0.5,580.35,574.58,596.5,571.01,MACD 低于信号线，市场可能下跌; 50均线上穿100均线，长期看涨
2025-03-14 01:22:46,579.54,🔍 持续观察,0.5,47.01,-0.39,0.31,580.32,574.82,596.5,570.72,MACD 低于信号线，市场可能下跌; 50均线上穿100均线，长期看涨
2025-03-14 01:37:47,576.0,🔍 持续观察,0.5,42.3,-0.84,0.07,580.24,575.01,596.65,570.17,MACD 低于信号线，市场可能下跌; 50均线上穿100均线，长期看涨
2025-03-14 01:52:47,575.59,🔍 持续观察,0.5,41.69,-1.09,-0.16,580.22,575.2,596.72,569.93,MACD 低于信号线，市场可能下跌; 50均线上穿100均线，长期看涨
2025-03-14 02:07:48,575.79,🔍 持续观察,0.5,43.85,-1.52,-0.47,580.17,575.32,594.1,569.87,MACD 低于信号线，市场可能下跌; 50均线上穿100均线，长期看涨
2025-03-14 02:22:49,575.08,🔍 持续观察,0.5,43.03,-1.67,-0.71,580.16,575.48,590.32,571.26,MACD 低于信号线，市场可能下跌; 50均线上穿100均线，长期看涨
2025-03-14 02:37:49,576.89,🔍 持续观察,0.5,45.78,-1.43,-0.81,580.26,575.69,589.09,571.66,MACD 低于信号线，市场可能下跌; 50均线上穿100均线，长期看涨
2025-03-14 02:52:50,576.75,🔍 持续观察,0.5,45.49,-1.38,-0.92,580.28,575.9,588.68,571.44,MACD 低于信号线，市场可能下跌; 50均线上穿100均线，长期看涨
2025-03-14 03:07:51,578.27,🔍 持续观察,0.5,47.7,-1.17,-0.95,580.32,576.11,586.45,572.56,MACD 低于信号线，市场可能下跌; 50均线上穿100均线，长期看涨
2025-03-14 03:22:51,577.72,🔍 持续观察,0.5,46.8,-1.14,-0.99,580.3,576.28,583.36,574.32,MACD 低于信号线，市场可能下跌; 50均线上穿100均线，长期看涨
2025-03-14 03:37:52,576.86,🔍 持续观察,0.5,45.68,-1.25,-1.06,580.27,576.42,583.17,573.97,MACD 低于信号线，市场可能下跌; 50均线上穿100均线，长期看涨
2025-03-14 03:52:53,577.5,🔍 持续观察,0.5,47.28,-1.27,-1.12,580.26,576.56,583.18,573.68,MACD 低于信号线，市场可能下跌; 50均线上穿100均线，长期看涨
2025-03-14 04:07:54,578.01,🔍 持续观察,0.5,48.33,-1.18,-1.14,580.26,576.7,583.18,573.63,MACD 低于信号线，市场可能下跌; 50均线上穿100均线，长期看涨
2025-03-14 04:22:54,578.6,✅ 可能买入机会,3.5,49.56,-1.05,-1.13,580.26,576.85,582.5,573.84,MACD 高于信号线，市场有上升趋势; 50均线上穿100均线，长期看涨
2025-03-14 04:37:55,576.56,✅ 可能买入机会,3.5,45.61,-1.1,-1.13,580.17,576.96,582.37,573.66,MACD 高于信号线，市场有上升趋势; 50均线上穿100均线，长期看涨
2025-03-14 04:52:56,574.42,🔍 持续观察,0.5,41.95,-1.35,-1.19,580.12,577.02,582.12,573.11,MACD 低于信号线，市场可能下跌; 50均线上穿100均线，长期看涨
2025-03-14 05:07:56,574.55,🔍 持续观察,0.5,43.05,-1.5,-1.27,580.09,577.07,581.73,572.71,MACD 低于信号线，市场可能下跌; 50均线上穿100均线，长期看涨
2025-03-14 05:22:57,572.84,🔍 持续观察,0.5,40.35,-1.65,-1.34,580.03,577.13,581.23,572.37,MACD 低于信号线，市场可能下跌; 50均线上穿100均线，长期看涨
2025-03-14 05:37:58,571.28,✅ 可能买入机会,2.0,37.83,-1.83,-1.42,579.92,577.17,581.21,571.68,MACD 低于信号线，市场可能下跌; 50均线上穿100均线，长期看涨; 价格触及布林带下轨，市场可能超卖（买入信号）
2025-03-14 05:52:59,574.34,🔍 持续观察,0.5,43.47,-1.63,-1.44,579.9,577.25,580.41,572.13,MACD 低于信号线，市场可能下跌; 50均线上穿100均线，长期看涨
2025-03-14 06:07:59,575.79,🔍 持续观察,0.5,47.08,-1.48,-1.44,579.87,577.28,579.87,572.26,MACD 低于信号线，市场可能下跌; 50均线上穿100均线，长期看涨
2025-03-14 06:23:00,575.76,✅ 可能买入机会,3.5,47.07,-1.32,-1.41,579.81,577.32,579.64,572.29,MACD 高于信号线，市场有上升趋势; 50均线上穿100均线，长期看涨
2025-03-14 06:38:01,576.18,✅ 可能买入机会,3.5,47.97,-1.12,-1.34,579.74,577.38,579.63,572.31,MACD 高于信号线，市场有上升趋势; 50均线上穿100均线，长期看涨
2025-03-14 06:53:01,576.71,✅ 可能买入机会,3.5,49.44,-0.98,-1.27,579.66,577.43,579.4,572.97,MACD 高于信号线，市场有上升趋势; 50均线上穿100均线，长期看涨
2025-03-14 07:08:02,577.78,✅ 可能买入机会,3.5,52.1,-0.73,-1.16,579.62,577.47,579.59,572.99,MACD 高于信号线，市场有上升趋势; 50均线上穿100均线，长期看涨
2025-03-14 07:23:03,577.84,✅ 可能买入机会,3.5,52.25,-0.55,-1.04,579.56,577.5,579.51,573.02,MACD 高于信号线，市场有上升趋势; 50均线上穿100均线，长期看涨
2025-03-14 07:38:03,578.24,✅ 可能买入机会,3.5,53.3,-0.38,-0.91,579.5,577.54,579.52,573.01,MACD 高于信号线，市场有上升趋势; 50均线上穿100均线，长期看涨
2025-03-14 07:53:04,578.77,✅ 可能买入机会,3.5,54.66,-0.16,-0.75,579.5,577.61,579.66,572.95,MACD 高于信号线，市场有上升趋势; 50均线上穿100均线，长期看涨
2025-03-14 08:08:05,579.01,✅ 可能买入机会,3.5,54.94,0.04,-0.59,579.51,577.69,579.94,572.81,MACD 高于信号线，市场有上升趋势; 50均线上穿100均线，长期看涨
2025-03-14 08:23:06,577.75,✅ 可能买入机会,3.5,50.93,0.06,-0.46,579.5,577.78,580.05,572.84,MACD 高于信号线，市场有上升趋势; 50均线上穿100均线，长期看涨
2025-03-14 08:38:06,578.42,✅ 可能买入机会,3.5,52.94,0.15,-0.33,579.49,577.87,580.3,572.91,MACD 高于信号线，市场有上升趋势; 50均线上穿100均线，长期看涨
2025-03-14 08:53:07,582.69,✅ 可能买入机会,2.0,62.97,0.74,-0.08,579.57,578.03,582.01,572.08,MACD 高于信号线，市场有上升趋势; 50均线上穿100均线，长期看涨; 价格触及布林带上轨，市场可能超买（卖出信号）
2025-03-14 09:08:08,580.52,✅ 可能买入机会,3.5,56.7,0.77,0.08,579.59,578.13,582.19,572.12,MACD 高于信号线，市场有上升趋势; 50均线上穿100均线，长期看涨
2025-03-14 09:23:08,579.44,✅ 可能买入机会,3.5,53.38,0.73,0.21,579.61,578.23,582.3,572.13,MACD 高于信号线，市场有上升趋势; 50均线上穿100均线，长期看涨
2025-03-14 09:38:09,579.53,✅ 可能买入机会,3.5,53.55,0.74,0.32,579.23,578.34,582.6,572.32,MACD 高于信号线，市场有上升趋势; 50均线上穿100均线，长期看涨
2025-03-14 09:53:10,581.45,✅ 可能买入机会,3.5,58.97,0.92,0.45,578.89,578.48,583.02,572.79,MACD 高于信号线，市场有上升趋势; 50均线上穿100均线，长期看涨
2025-03-14 10:08:10,581.28,✅ 可能买入机会,3.5,58.2,0.99,0.56,578.75,578.6,583.36,573.11,MACD 高于信号线，市场有上升趋势; 50均线上穿100均线，长期看涨
2025-03-14 10:23:11,583.4,✅ 可能买入机会,3.5,63.62,1.3,0.73,578.78,578.75,584.21,573.41,MACD 高于信号线，市场有上升趋势; 50均线上穿100均线，长期看涨
2025-03-14 10:38:12,582.33,🔍 持续观察,-0.5,59.86,1.3,0.83,578.59,578.85,584.15,574.28,MACD 高于信号线，市场有上升趋势; 50均线下穿100均线，长期看跌
2025-03-14 10:53:13,581.78,🔍 持续观察,-0.5,57.19,1.19,0.89,578.38,578.9,583.89,575.15,MACD 高于信号线，市场有上升趋势; 50均线下穿100均线，长期看跌
2025-03-14 11:08:13,581.07,🔍 持续观察,-0.5,54.85,1.11,0.93,578.38,578.98,583.87,575.62,MACD 高于信号线，市场有上升趋势; 50均线下穿100均线，长期看跌
2025-03-14 11:23:14,580.88,🔍 持续观察,-0.5,54.19,1.01,0.94,578.41,579.05,583.82,576.09,MACD 高于信号线，市场有上升趋势; 50均线下穿100均线，长期看跌
2025-03-14 11:38:15,582.13,🔍 持续观察,-0.5,57.95,1.06,0.97,578.5,579.15,583.77,576.79,MACD 高于信号线，市场有上升趋势; 50均线下穿100均线，长期看跌
2025-03-14 11:53:15,582.54,🔍 持续观察,-0.5,59.15,1.11,1.0,578.49,579.23,583.86,577.26,MACD 高于信号线，市场有上升趋势; 50均线下穿100均线，长期看跌
2025-03-14 12:08:14,582.91,🔍 持续观察,-0.5,60.27,1.15,1.03,578.57,579.31,584.0,577.62,MACD 高于信号线，市场有上升趋势; 50均线下穿100均线，长期看跌
2025-03-14 12:23:15,584.25,🔍 持续观察,-0.5,63.81,1.37,1.11,578.66,579.41,584.57,577.85,MACD 高于信号线，市场有上升趋势; 50均线下穿100均线，长期看跌
2025-03-14 12:38:16,584.83,🔍 持续观察,-0.5,65.32,1.5,1.19,578.73,579.49,585.07,578.0,MACD 高于信号线，市场有上升趋势; 50均线下穿100均线，长期看跌
2025-03-14 12:53:17,586.75,❌ 可能卖出机会,-2.0,69.87,1.75,1.31,578.85,579.59,586.05,577.8,MACD 高于信号线，市场有上升趋势; 50均线下穿100均线，长期看跌; 价格触及布林带上轨，市场可能超买（卖出信号）
2025-03-14 13:08:17,583.73,🔍 持续观察,-0.5,58.99,1.54,1.33,578.9,579.6,585.68,578.46,MACD 高于信号线，市场有上升趋势; 50均线下穿100均线，长期看跌
2025-03-14 13:23:18,582.59,🔍 持续观察,-0.5,54.2,1.35,1.33,578.94,579.64,585.33,579.21,MACD 高于信号线，市场有上升趋势; 50均线下穿100均线，长期看跌
2025-03-14 13:38:19,582.85,❌ 可能卖出机会,-3.5,55.04,1.24,1.31,579.0,579.66,585.38,579.27,MACD 低于信号线，市场可能下跌; 50均线下穿100均线，长期看跌
2025-03-14 13:53:21,582.31,❌ 可能卖出机会,-3.5,52.37,1.13,1.28,579.09,579.69,585.45,579.29,MACD 低于信号线，市场可能下跌; 50均线下穿100均线，长期看跌
2025-03-14 14:08:22,580.7,❌ 可能卖出机会,-3.5,46.56,0.87,1.2,579.16,579.71,585.41,579.37,MACD 低于信号线，市场可能下跌; 50均线下穿100均线，长期看跌
2025-03-14 14:23:22,581.03,❌ 可能卖出机会,-3.5,47.74,0.7,1.1,579.35,579.75,585.31,579.59,MACD 低于信号线，市场可能下跌; 50均线下穿100均线，长期看跌
2025-03-14 14:38:23,581.34,❌ 可能卖出机会,-3.5,49.32,0.51,0.97,579.44,579.8,585.32,579.61,MACD 低于信号线，市场可能下跌; 50均线下穿100均线，长期看跌
2025-03-14 14:53:24,581.44,❌ 可能卖出机会,-3.5,49.86,0.39,0.85,579.49,579.86,585.34,579.51,MACD 低于信号线，市场可能下跌; 50均线下穿100均线，长期看跌
2025-03-14 15:08:24,580.53,❌ 可能卖出机会,-3.5,46.28,0.22,0.72,579.53,579.9,585.32,579.23,MACD 低于信号线，市场可能下跌; 50均线下穿100均线，长期看跌
2025-03-14 15:23:25,580.15,❌ 可能卖出机会,-3.5,44.73,0.12,0.6,579.57,579.94,585.3,579.05,MACD 低于信号线，市场可能下跌; 50均线下穿100均线，长期看跌
2025-03-14 15:38:26,578.1,❌ 可能卖出机会,-2.0,37.86,-0.17,0.45,579.57,579.94,585.61,578.42,MACD 低于信号线，市场可能下跌; 50均线下穿100均线，长期看跌; 价格触及布林带下轨，市场可能超卖（买入信号）
2025-03-14 15:53:27,578.14,❌ 可能卖出机会,-3.5,37.77,-0.32,0.31,579.62,579.95,585.7,578.1,MACD 低于信号线，市场可能下跌; 50均线下穿100均线，长期看跌
2025-03-14 16:08:27,576.93,❌ 可能卖出机会,-3.5,35.69,-0.7,0.09,579.62,579.93,586.31,576.92,MACD 低于信号线，市场可能下跌; 50均线下穿100均线，长期看跌
2025-03-14 16:23:28,577.74,❌ 可能卖出机会,-3.5,39.41,-0.78,-0.08,579.64,579.94,586.37,576.57,MACD 低于信号线，市场可能下跌; 50均线下穿100均线，长期看跌
2025-03-14 16:38:29,578.53,❌ 可能卖出机会,-3.5,42.8,-0.76,-0.2,579.67,579.96,586.28,576.37,MACD 低于信号线，市场可能下跌; 50均线下穿100均线，长期看跌
2025-03-14 16:53:30,577.35,❌ 可能卖出机会,-3.5,39.41,-0.85,-0.33,579.67,579.96,586.27,575.9,MACD 低于信号线，市场可能下跌; 50均线下穿100均线，长期看跌
2025-03-14 17:08:31,578.85,❌ 可能卖出机会,-3.5,44.72,-0.76,-0.4,579.76,579.95,585.8,575.93,MACD 低于信号线，市场可能下跌; 50均线下穿100均线，长期看跌
2025-03-14 17:23:31,579.67,❌ 可能卖出机会,-3.5,48.27,-0.65,-0.45,579.9,580.0,585.27,576.01,MACD 低于信号线，市场可能下跌; 50均线下穿100均线，长期看跌
2025-03-14 17:38:32,579.4,❌ 可能卖出机会,-3.5,47.18,-0.6,-0.48,579.99,580.04,584.49,576.21,MACD 低于信号线，市场可能下跌; 50均线下穿100均线，长期看跌
2025-03-14 17:53:33,580.2,✅ 可能买入机会,3.5,50.49,-0.44,-0.46,580.14,580.09,583.7,576.61,MACD 高于信号线，市场有上升趋势; 50均线上穿100均线，长期看涨
2025-03-14 18:08:34,579.9,✅ 可能买入机会,3.5,49.44,-0.44,-0.47,580.24,580.1,583.23,576.67,MACD 高于信号线，市场有上升趋势; 50均线上穿100均线，长期看涨
2025-03-14 18:23:35,578.68,🔍 持续观察,0.5,44.31,-0.5,-0.48,580.33,580.11,582.86,576.63,MACD 低于信号线，市场可能下跌; 50均线上穿100均线，长期看涨
2025-03-14 18:38:35,578.31,🔍 持续观察,0.5,42.84,-0.55,-0.5,580.37,580.12,582.17,576.81,MACD 低于信号线，市场可能下跌; 50均线上穿100均线，长期看涨
2025-03-14 18:53:36,579.41,✅ 可能买入机会,3.5,47.99,-0.45,-0.48,580.44,580.13,581.7,577.07,MACD 高于信号线，市场有上升趋势; 50均线上穿100均线，长期看涨
2025-03-14 19:08:37,579.31,✅ 可能买入机会,3.5,47.54,-0.43,-0.47,580.5,580.12,581.5,577.08,MACD 高于信号线，市场有上升趋势; 50均线上穿100均线，长期看涨
2025-03-14 19:23:39,578.45,✅ 可能买入机会,2,43.41,-0.48,-0.48,580.53,580.1,581.4,577.0,50均线上穿100均线，长期看涨
2025-03-14 19:38:40,578.9,🔍 持续观察,0.5,46.57,-0.5,-0.49,580.54,580.08,581.2,576.96,MACD 低于信号线，市场可能下跌; 50均线上穿100均线，长期看涨
2025-03-14 19:53:40,577.5,🔍 持续观察,0.5,39.4,-0.65,-0.54,580.52,580.04,580.95,576.76,MACD 低于信号线，市场可能下跌; 50均线上穿100均线，长期看涨
2025-03-14 20:08:41,579.07,✅ 可能买入机会,2,48.3,-0.53,-0.53,580.54,580.03,580.55,577.03,50均线上穿100均线，长期看涨
2025-03-14 20:23:42,579.29,✅ 可能买入机会,3.5,49.56,-0.46,-0.52,580.54,580.03,580.47,577.05,MACD 高于信号线，市场有上升趋势; 50均线上穿100均线，长期看涨
2025-03-14 20:38:43,578.54,✅ 可能买入机会,3.5,45.61,-0.45,-0.5,580.53,580.02,580.44,577.03,MACD 高于信号线，市场有上升趋势; 50均线上穿100均线，长期看涨
2025-03-14 20:53:43,577.6,🔍 持续观察,0.5,41.43,-0.56,-0.53,580.51,580.0,580.26,577.25,MACD 低于信号线，市场可能下跌; 50均线上穿100均线，长期看涨
2025-03-14 21:08:44,578.39,✅ 可能买入机会,2,45.96,-0.53,-0.53,580.44,580.0,580.18,577.45,50均线上穿100均线，长期看涨
2025-03-14 21:23:45,578.38,✅ 可能买入机会,2,46.29,-0.54,-0.54,580.36,579.96,580.22,577.33,50均线上穿100均线，长期看涨
2025-03-14 21:38:46,580.28,✅ 可能买入机会,3.5,56.13,-0.33,-0.49,580.37,579.98,580.44,577.29,MACD 高于信号线，市场有上升趋势; 50均线上穿100均线，长期看涨
2025-03-14 21:53:47,581.84,✅ 可能买入机会,2.0,62.42,-0.12,-0.43,580.39,580.01,580.94,577.05,MACD 高于信号线，市场有上升趋势; 50均线上穿100均线，长期看涨; 价格触及布林带上轨，市场可能超买（卖出信号）
2025-03-14 22:08:48,582.06,✅ 可能买入机会,2.0,62.42,0.16,-0.3,580.43,579.84,581.64,576.68,MACD 高于信号线，市场有上升趋势; 50均线上穿100均线，长期看涨; 价格触及布林带上轨，市场可能超买（卖出信号）
2025-03-14 22:23:49,583.39,✅ 可能买入机会,2.0,65.71,0.56,-0.11,580.51,579.7,582.92,575.94,MACD 高于信号线，市场有上升趋势; 50均线上穿100均线，长期看涨; 价格触及布林带上轨，市场可能超买（卖出信号）
2025-03-14 22:38:50,583.69,✅ 可能买入机会,2.0,63.47,0.68,0.03,580.49,579.64,583.21,575.83,MACD 高于信号线，市场有上升趋势; 50均线上穿100均线，长期看涨; 价格触及布林带上轨，市场可能超买（卖出信号）
2025-03-14 22:53:51,584.0,✅ 可能买入机会,3.5,64.1,0.91,0.21,580.52,579.64,584.01,575.54,MACD 高于信号线，市场有上升趋势; 50均线上穿100均线，长期看涨
2025-03-14 23:08:51,587.81,🔍 持续观察,1.0,71.61,1.34,0.43,580.65,579.61,585.63,574.72,RSI 高于 70，市场可能超买（卖出信号）; MACD 高于信号线，市场有上升趋势; 50均线上穿100均线，长期看涨; 价格触及布林带上轨，市场可能超买（卖出信号）
2025-03-14 23:23:52,587.84,🔍 持续观察,1.0,72.01,1.55,0.63,580.73,579.55,586.43,574.62,RSI 高于 70，市场可能超买（卖出信号）; MACD 高于信号线，市场有上升趋势; 50均线上穿100均线，长期看涨; 价格触及布林带上轨，市场可能超买（卖出信号）
2025-03-14 23:38:53,586.23,✅ 可能买入机会,3.5,67.04,1.65,0.82,580.82,579.6,587.0,574.67,MACD 高于信号线，市场有上升趋势; 50均线上穿100均线，长期看涨
2025-03-14 23:53:54,584.08,✅ 可能买入机会,3.5,57.22,1.68,1.01,580.91,579.66,587.64,574.64,MACD 高于信号线，市场有上升趋势; 50均线上穿100均线，长期看涨
2025-03-15 00:08:55,583.62,✅ 可能买入机会,3.5,55.53,1.57,1.13,580.94,579.72,587.92,574.84,MACD 高于信号线，市场有上升趋势; 50均线上穿100均线，长期看涨
2025-03-15 10:46:29,592.39,✅ 可能买入机会,3.5,59.85,1.79,1.69,587.46,583.97,595.21,584.91,MACD 高于信号线，市场有上升趋势; 50均线上穿100均线，长期看涨
2025-03-15 11:01:30,591.54,🔍 持续观察,0.5,56.79,1.63,1.68,587.6,584.05,595.19,585.4,MACD 低于信号线，市场可能下跌; 50均线上穿100均线，长期看涨
2025-03-15 11:16:31,591.86,🔍 持续观察,0.5,58.07,1.55,1.66,587.77,584.14,595.22,585.92,MACD 低于信号线，市场可能下跌; 50均线上穿100均线，长期看涨
2025-03-15 11:31:32,592.59,🔍 持续观察,0.5,60.0,1.57,1.65,587.93,584.27,595.35,586.44,MACD 低于信号线，市场可能下跌; 50均线上穿100均线，长期看涨
2025-03-15 11:46:33,593.02,🔍 持续观察,0.5,60.84,1.52,1.62,588.04,584.38,595.41,586.88,MACD 低于信号线，市场可能下跌; 50均线上穿100均线，长期看涨
2025-03-15 12:01:34,593.27,🔍 持续观察,0.5,61.67,1.5,1.59,588.15,584.5,595.5,587.29,MACD 低于信号线，市场可能下跌; 50均线上穿100均线，长期看涨
2025-03-15 12:16:35,592.84,🔍 持续观察,0.5,60.16,1.4,1.55,588.31,584.61,595.46,587.7,MACD 低于信号线，市场可能下跌; 50均线上穿100均线，长期看涨
2025-03-15 12:31:35,592.21,🔍 持续观察,0.5,56.9,1.29,1.49,588.47,584.71,595.18,588.47,MACD 低于信号线，市场可能下跌; 50均线上穿100均线，长期看涨
2025-03-15 12:46:36,593.98,🔍 持续观察,0.5,63.52,1.46,1.51,588.67,584.85,595.23,589.26,MACD 低于信号线，市场可能下跌; 50均线上穿100均线，长期看涨
2025-03-15 13:01:37,593.6,🔍 持续观察,0.5,60.84,1.45,1.5,588.82,584.94,595.19,589.78,MACD 低于信号线，市场可能下跌; 50均线上穿100均线，长期看涨
2025-03-15 13:16:38,592.17,🔍 持续观察,0.5,53.82,1.21,1.43,588.92,585.01,594.88,590.24,MACD 低于信号线，市场可能下跌; 50均线上穿100均线，长期看涨
2025-03-15 13:31:39,592.29,🔍 持续观察,0.5,54.28,1.09,1.36,589.07,585.08,594.68,590.66,MACD 低于信号线，市场可能下跌; 50均线上穿100均线，长期看涨
2025-03-15 14:01:40,593.49,🔍 持续观察,0.5,58.73,1.11,1.29,589.47,585.28,594.63,591.01,MACD 低于信号线，市场可能下跌; 50均线上穿100均线，长期看涨
2025-03-15 14:08:43,593.53,🔍 持续观察,-0.2884103335155812,58.88,1.11,1.29,589.47,585.28,594.63,591.01,MACD 低于信号线，市场可能下跌（-0.36）; 50均线上穿100均线（+0.07）
2025-03-15 14:23:45,594.58,🔍 持续观察,-0.10671677485479898,62.7,1.18,1.27,589.69,585.4,594.84,590.92,MACD 低于信号线，市场可能下跌（-0.18）; 50均线上穿100均线（+0.07）
2025-03-15 14:38:46,593.61,🔍 持续观察,-0.20553373185311657,57.83,1.1,1.24,589.86,585.5,594.61,591.43,MACD 低于信号线，市场可能下跌（-0.28）; 50均线上穿100均线（+0.07）
2025-03-15 14:53:47,593.54,🔍 持续观察,-0.24435238469288503,57.33,1.03,1.19,590.04,585.61,594.61,591.43,MACD 低于信号线，市场可能下跌（-0.32）; 50均线上穿100均线（+0.08）
2025-03-15 15:08:47,591.91,🔍 持续观察,-0.44419715568606777,48.78,0.88,1.14,590.17,585.73,594.62,591.28,MACD 低于信号线，市场可能下跌（-0.52）; 50均线上穿100均线（+0.08）
2025-03-15 15:23:49,590.73,🔍 持续观察,-0.719807579256865,44.06,0.64,1.04,590.29,585.83,594.78,590.97,MACD 低于信号线，市场可能下跌（-0.80）; 50均线上穿100均线（+0.08）; 价格触及布林带下轨，市场可能超卖（+0.00）
2025-03-15 15:38:49,590.52,🔍 持续观察,-0.9645683732949213,43.64,0.38,0.9,590.32,585.93,595.0,590.55,MACD 低于信号线，市场可能下跌（-1.04）; 50均线上穿100均线（+0.07）; 价格触及布林带下轨，市场可能超卖（+0.00）
2025-03-15 15:53:50,590.71,🔍 持续观察,-0.985601078443083,44.67,0.25,0.78,590.39,586.03,595.04,590.43,MACD 低于信号线，市场可能下跌（-1.06）; 50均线上穿100均线（+0.07）
2025-03-15 16:08:51,591.87,🔍 持续观察,-0.8461268638891726,49.93,0.2,0.66,590.47,586.14,595.06,590.41,MACD 低于信号线，市场可能下跌（-0.92）; 50均线上穿100均线（+0.07）
2025-03-15 16:23:51,592.7,🔍 持续观察,-0.5866549542019877,53.18,0.25,0.58,590.57,586.27,595.05,590.44,MACD 低于信号线，市场可能下跌（-0.66）; 50均线上穿100均线（+0.07）
2025-03-15 16:38:52,593.1,🔍 持续观察,-0.3671840521137092,54.68,0.31,0.53,590.68,586.41,595.1,590.5,MACD 低于信号线，市场可能下跌（-0.44）; 50均线上穿100均线（+0.07）
2025-03-15 16:53:53,592.88,🔍 持续观察,-0.2077165944969142,52.99,0.37,0.51,590.82,586.58,595.19,590.5,MACD 低于信号线，市场可能下跌（-0.28）; 50均线上穿100均线（+0.07）
2025-03-15 17:08:54,593.68,🔍 持续观察,0.011921602045164445,56.42,0.48,0.51,590.97,586.75,595.31,590.54,MACD 低于信号线，市场可能下跌（-0.06）; 50均线上穿100均线（+0.07）
2025-03-15 17:23:54,593.48,🔍 持续观察,0.011903220310104351,55.53,0.48,0.51,591.12,586.9,595.35,590.57,MACD 低于信号线，市场可能下跌（-0.06）; 50均线上穿100均线（+0.07）
2025-03-15 17:38:55,595.83,🔍 持续观察,0.4120639458895676,64.08,0.73,0.56,591.36,587.08,595.78,590.38,MACD 高于信号线，市场上升趋势（+0.34）; 50均线上穿100均线（+0.07）; 价格触及布林带上轨，市场可能超买（-0.00）
2025-03-15 17:53:56,596.94,🔍 持续观察,0.704168280412749,67.3,0.96,0.64,591.58,587.27,596.39,590.04,MACD 高于信号线，市场上升趋势（+0.64）; 50均线上穿100均线（+0.07）; 价格触及布林带上轨，市场可能超买（-0.01）
2025-03-15 22:05:54,599.17,🔍 持续观察,0.3889398174026465,65.72,1.41,1.25,594.44,590.37,599.52,594.25,MACD 高于信号线，市场上升趋势（+0.32）; 50均线上穿100均线（+0.07）
2025-03-15 22:20:55,599.45,🔍 持续观察,0.4277300281079615,65.69,1.48,1.3,594.58,590.58,599.83,594.51,MACD 高于信号线，市场上升趋势（+0.36）; 50均线上穿100均线（+0.07）
2025-03-15 22:35:56,598.24,🔍 持续观察,0.14567699781640908,58.51,1.34,1.3,594.65,590.77,599.79,594.71,MACD 高于信号线，市场上升趋势（+0.08）; 50均线上穿100均线（+0.07）
2025-03-15 22:50:57,598.28,🔍 持续观察,0.024982316010357067,58.62,1.28,1.3,594.77,590.93,599.94,594.74,MACD 低于信号线，市场可能下跌（-0.04）; 50均线上穿100均线（+0.06）
2025-03-15 23:05:57,598.04,🔍 持续观察,-0.2757076389476343,55.81,1.06,1.23,594.85,591.05,599.9,594.78,MACD 低于信号线，市场可能下跌（-0.34）; 50均线上穿100均线（+0.06）
2025-03-15 23:20:58,599.0,🔍 持续观察,-0.17623355096241677,59.1,1.08,1.2,594.99,591.22,599.97,595.1,MACD 低于信号线，市场可能下跌（-0.24）; 50均线上穿100均线（+0.06）
2025-03-15 23:35:59,599.43,🔍 持续观察,-0.01608170719334491,59.89,1.16,1.2,595.16,591.38,600.33,595.11,MACD 低于信号线，市场可能下跌（-0.08）; 50均线上穿100均线（+0.06）
2025-03-15 23:51:00,601.78,🔍 持续观察,0.48157418929516155,66.24,1.5,1.29,595.39,591.59,601.62,594.53,MACD 高于信号线，市场上升趋势（+0.42）; 50均线上穿100均线（+0.06）; 价格触及布林带上轨，市场可能超买（-0.00）
2025-03-16 00:06:00,603.14,🔍 持续观察,0.819583598989461,69.7,1.79,1.41,595.63,591.78,602.81,594.14,MACD 高于信号线，市场上升趋势（+0.76）; 50均线上穿100均线（+0.07）; 价格触及布林带上轨，市场可能超买（-0.01）
2025-03-16 00:21:01,605.21,🔍 持续观察,-0.1298156974478489,73.86,2.09,1.55,595.89,591.96,604.07,593.82,RSI 高于 70（73.86），市场可能超买（-1.26）; MACD 高于信号线，市场上升趋势（+1.08）; 50均线上穿100均线（+0.07）; 价格触及布林带上轨，市场可能超买（-0.02）
2025-03-16 00:36:02,605.11,🔍 持续观察,0.2728837850769794,70.52,2.34,1.72,596.15,592.15,605.25,593.61,RSI 高于 70（70.52），市场可能超买（-1.03）; MACD 高于信号线，市场上升趋势（+1.24）; 50均线上穿100均线（+0.07）
2025-03-16 00:51:03,607.51,🔍 持续观察,0.20111926319968676,77.52,2.78,1.96,596.49,592.4,607.11,593.18,RSI 高于 70（77.52），市场可能超买（-1.50）; MACD 高于信号线，市场上升趋势（+1.64）; 50均线上穿100均线（+0.07）; 价格触及布林带上轨，市场可能超买（-0.01）
2025-03-16 01:06:04,609.47,🔍 持续观察,0.25635136194289304,80.24,3.15,2.21,596.81,592.66,608.8,592.81,RSI 高于 70（80.24），市场可能超买（-1.68）; MACD 高于信号线，市场上升趋势（+1.88）; 50均线上穿100均线（+0.07）; 价格触及布林带上轨，市场可能超买（-0.01）
2025-03-16 01:21:05,613.61,🔍 持续观察,0.08092799504090842,84.43,3.85,2.57,597.25,592.96,611.81,591.67,RSI 高于 70（84.43），市场可能超买（-1.96）; MACD 高于信号线，市场上升趋势（+2.00）; 50均线上穿100均线（+0.07）; 价格触及布林带上轨，市场可能超买（-0.03）
2025-03-16 01:36:05,613.29,🔍 持续观察,0.47567846627559496,78.99,4.24,2.92,597.69,593.24,613.84,591.42,RSI 高于 70（78.99），市场可能超买（-1.60）; MACD 高于信号线，市场上升趋势（+2.00）; 50均线上穿100均线（+0.08）
2025-03-16 01:51:06,614.86,🔍 持续观察,0.12000653704889283,84.37,4.62,3.27,598.17,593.54,615.84,591.37,RSI 高于 70（84.37），市场可能超买（-1.96）; MACD 高于信号线，市场上升趋势（+2.00）; 50均线上穿100均线（+0.08）
2025-03-16 02:06:07,613.63,🔍 持续观察,0.5614867045014406,77.77,4.57,3.51,598.53,593.81,616.69,591.84,RSI 高于 70（77.77），市场可能超买（-1.52）; MACD 高于信号线，市场上升趋势（+2.00）; 50均线上穿100均线（+0.08）
2025-03-16 02:21:08,613.55,🔍 持续观察,0.33196474278051735,77.34,4.6,3.73,598.94,594.11,617.75,592.34,RSI 高于 70（77.34），市场可能超买（-1.49）; MACD 高于信号线，市场上升趋势（+1.74）; 50均线上穿100均线（+0.08）
2025-03-16 02:36:08,613.07,🔍 持续观察,0.023272363263177595,74.19,4.48,3.87,599.3,594.39,618.45,592.93,RSI 高于 70（74.19），市场可能超买（-1.28）; MACD 高于信号线，市场上升趋势（+1.22）; 50均线上穿100均线（+0.08）
2025-03-16 02:51:09,611.85,🔍 持续观察,0.7437439252022126,69.62,4.27,3.94,599.65,594.67,618.94,593.68,MACD 高于信号线，市场上升趋势（+0.66）; 50均线上穿100均线（+0.08）
2025-03-16 03:06:10,612.65,🔍 持续观察,-0.6644451541331913,70.45,4.12,3.98,600.03,594.94,619.46,594.43,RSI 高于 70（70.45），市场可能超买（-1.03）; MACD 高于信号线，市场上升趋势（+0.28）; 50均线上穿100均线（+0.09）
2025-03-16 03:21:11,613.07,🔍 持续观察,-0.9558094854090018,71.24,4.0,3.98,600.4,595.23,619.83,595.48,RSI 高于 70（71.24），市场可能超买（-1.08）; MACD 高于信号线，市场上升趋势（+0.04）; 50均线上穿100均线（+0.09）
2025-03-16 03:36:11,611.63,🔍 持续观察,-0.39116261104673633,66.13,3.66,3.9,600.76,595.47,619.65,596.8,MACD 低于信号线，市场可能下跌（-0.48）; 50均线上穿100均线（+0.09）
2025-03-16 03:51:12,611.33,🔍 持续观察,-0.6685156027059248,64.94,3.42,3.8,601.18,595.73,619.05,598.9,MACD 低于信号线，市场可能下跌（-0.76）; 50均线上穿100均线（+0.09）
2025-03-16 04:06:13,613.97,🔍 持续观察,-1.5771997516736864,70.78,3.41,3.72,601.64,595.99,618.72,600.83,RSI 高于 70（70.78），市场可能超买（-1.05）; MACD 低于信号线，市场可能下跌（-0.62）; 50均线上穿100均线（+0.09）
2025-03-16 04:21:14,612.92,🔍 持续观察,-0.6620512218439185,67.58,3.24,3.62,602.07,596.23,618.1,602.71,MACD 低于信号线，市场可能下跌（-0.76）; 50均线上穿100均线（+0.10）
2025-03-16 04:36:14,612.78,🔍 持续观察,-0.7794098712446351,66.29,3.07,3.51,602.48,596.48,617.6,604.24,MACD 低于信号线，市场可能下跌（-0.88）; 50均线上穿100均线（+0.10）
2025-03-16 04:51:15,614.85,🔍 持续观察,-1.4729398753267633,70.55,3.2,3.47,602.95,596.76,617.55,605.63,RSI 高于 70（70.55），市场可能超买（-1.04）; MACD 低于信号线，市场可能下跌（-0.54）; 50均线上穿100均线（+0.10）
2025-03-16 05:06:16,617.89,🔍 持续观察,-1.3558647043855248,75.68,3.43,3.47,603.44,597.07,617.65,607.03,RSI 高于 70（75.68），市场可能超买（-1.38）; MACD 低于信号线，市场可能下跌（-0.08）; 50均线上穿100均线（+0.11）; 价格触及布林带上轨，市场可能超买（-0.00）
2025-03-16 05:21:17,617.24,🔍 持续观察,-1.077853446496031,73.11,3.48,3.47,603.91,597.37,617.77,608.01,RSI 高于 70（73.11），市场可能超买（-1.21）; MACD 高于信号线，市场上升趋势（+0.02）; 50均线上穿100均线（+0.11）
2025-03-16 05:36:17,617.5,🔍 持续观察,-1.0475652523089285,74.2,3.55,3.49,604.4,597.68,618.1,608.73,RSI 高于 70（74.20），市场可能超买（-1.28）; MACD 高于信号线，市场上升趋势（+0.12）; 50均线上穿100均线（+0.11）
2025-03-16 05:51:18,617.81,🔍 持续观察,-1.0244523112768462,74.19,3.59,3.52,604.88,598.01,618.45,609.42,RSI 高于 70（74.19），市场可能超买（-1.28）; MACD 高于信号线，市场上升趋势（+0.14）; 50均线上穿100均线（+0.11）
2025-03-16 06:06:19,617.75,🔍 持续观察,-1.0926772515069463,73.74,3.55,3.53,605.32,598.34,619.0,609.47,RSI 高于 70（73.74），市场可能超买（-1.25）; MACD 高于信号线，市场上升趋势（+0.04）; 50均线上穿100均线（+0.12）
2025-03-16 06:21:20,617.62,🔍 持续观察,-1.1125676104568614,70.76,3.4,3.49,605.72,598.65,619.2,609.46,RSI 高于 70（70.76），市场可能超买（-1.05）; MACD 低于信号线，市场可能下跌（-0.18）; 50均线上穿100均线（+0.12）
2025-03-16 06:36:20,618.16,🔍 持续观察,-1.2701295535744115,71.95,3.32,3.45,606.16,598.98,619.62,609.38,RSI 高于 70（71.95），市场可能超买（-1.13）; MACD 低于信号线，市场可能下跌（-0.26）; 50均线上穿100均线（+0.12）
2025-03-16 06:51:21,616.56,🔍 持续观察,-0.5185208917367518,66.12,3.03,3.35,606.56,599.28,619.62,609.63,MACD 低于信号线，市场可能下跌（-0.64）; 50均线上穿100均线（+0.12）
2025-03-16 07:06:22,616.56,🔍 持续观察,-0.7569117867805261,64.11,2.79,3.23,606.95,599.57,619.71,609.73,MACD 低于信号线，市场可能下跌（-0.88）; 50均线上穿100均线（+0.12）
2025-03-16 07:21:23,617.2,🔍 持续观察,-0.7756397219397525,65.9,2.66,3.11,607.33,599.87,619.9,609.94,MACD 低于信号线，市场可能下跌（-0.90）; 50均线上穿100均线（+0.12）
2025-03-16 07:36:23,618.38,🔍 持续观察,-0.5333755414861729,68.64,2.71,3.04,607.8,600.2,620.47,610.05,MACD 低于信号线，市场可能下跌（-0.66）; 50均线上穿100均线（+0.13）
2025-03-16 07:51:24,618.24,🔍 持续观察,-0.5111074104912569,67.89,2.64,2.96,608.24,600.5,620.66,610.52,MACD 低于信号线，市场可能下跌（-0.64）; 50均线上穿100均线（+0.13）
2025-03-16 08:06:25,619.23,🔍 持续观察,-0.28851522061148777,69.34,2.72,2.93,608.73,600.83,621.25,610.74,MACD 低于信号线，市场可能下跌（-0.42）; 50均线上穿100均线（+0.13）
2025-03-16 08:21:26,618.33,🔍 持续观察,-0.42591695501730154,64.74,2.58,2.86,609.18,601.12,621.2,611.46,MACD 低于信号线，市场可能下跌（-0.56）; 50均线上穿100均线（+0.13）
2025-03-16 08:36:26,619.45,🔍 持续观察,-0.3839930832668276,67.18,2.53,2.79,609.62,601.44,621.23,612.2,MACD 低于信号线，市场可能下跌（-0.52）; 50均线上穿100均线（+0.14）
2025-03-16 08:51:27,621.14,🔍 持续观察,-1.184410160966908,70.94,2.63,2.76,610.1,601.78,621.44,612.98,RSI 高于 70（70.94），市场可能超买（-1.06）; MACD 低于信号线，市场可能下跌（-0.26）; 50均线上穿100均线（+0.14）
2025-03-16 09:06:28,618.27,🔍 持续观察,-0.5799784071090428,60.97,2.27,2.63,610.48,602.05,620.85,613.82,MACD 低于信号线，市场可能下跌（-0.72）; 50均线上穿100均线（+0.14）
2025-03-16 09:21:29,615.43,🔍 持续观察,-1.1983715215514381,50.29,1.75,2.42,610.81,602.28,620.29,614.43,MACD 低于信号线，市场可能下跌（-1.34）; 50均线上穿100均线（+0.14）
2025-03-16 09:36:29,612.35,🔍 持续观察,-1.7964120102188048,41.44,1.18,2.16,611.07,602.5,620.76,613.66,MACD 低于信号线，市场可能下跌（-1.96）; 50均线上穿100均线（+0.14）; 价格触及布林带下轨，市场可能超卖（+0.02）
2025-03-16 09:51:30,612.22,🔍 持续观察,-1.8422881079098845,41.01,0.78,1.89,611.37,602.71,621.08,613.08,MACD 低于信号线，市场可能下跌（-2.00）; 50均线上穿100均线（+0.14）; 价格触及布林带下轨，市场可能超卖（+0.01）
2025-03-16 10:06:31,613.21,🔍 持续观察,-1.8550364067605445,44.49,0.53,1.62,611.65,602.91,621.14,612.59,MACD 低于信号线，市场可能下跌（-2.00）; 50均线上穿100均线（+0.14）
2025-03-16 10:21:32,612.07,🔍 持续观察,-1.8539141393204779,41.08,0.13,1.3,611.88,603.07,621.49,611.52,MACD 低于信号线，市场可能下跌（-2.00）; 50均线上穿100均线（+0.15）
2025-03-16 10:36:32,614.0,🔍 持续观察,-1.7731459258768167,48.16,0.12,1.08,612.18,603.32,621.24,611.44,MACD 低于信号线，市场可能下跌（-1.92）; 50均线上穿100均线（+0.15）
2025-03-16 10:51:34,613.68,🔍 持续观察,-1.5115401057113973,47.16,0.04,0.87,612.49,603.53,621.07,611.2,MACD 低于信号线，市场可能下跌（-1.66）; 50均线上穿100均线（+0.15）
2025-03-16 11:06:35,610.74,🔍 持续观察,-1.8305806152368,39.47,-0.4,0.59,612.69,603.67,621.42,610.02,MACD 低于信号线，市场可能下跌（-1.98）; 50均线上穿100均线（+0.15）
2025-03-16 11:21:36,611.19,🔍 持续观察,-1.7689691148464022,41.92,-0.62,0.34,612.97,603.85,621.47,609.29,MACD 低于信号线，市场可能下跌（-1.92）; 50均线上穿100均线（+0.15）
2025-03-16 11:36:36,610.86,🔍 持续观察,-1.6480233097145875,40.84,-0.79,0.11,613.22,604.04,621.46,608.65,MACD 低于信号线，市场可能下跌（-1.80）; 50均线上穿100均线（+0.15）
2025-03-17 13:55:47,626.39,🔍 持续观察,-0.9363571911427674,65.89,5.0,5.5,610.37,606.51,634.18,611.14,MACD 低于信号线，市场可能下跌（-1.00）; 50均线上穿100均线（+0.06）
2025-03-17 14:10:48,628.68,🔍 持续观察,-0.95176199109939,67.03,4.84,5.35,610.84,606.7,633.91,612.97,MACD 低于信号线，市场可能下跌（-1.02）; 50均线上穿100均线（+0.07）
2025-03-17 14:25:48,627.71,🔍 持续观察,-0.8870085019442429,63.06,4.77,5.25,611.35,606.92,633.88,614.6,MACD 低于信号线，市场可能下跌（-0.96）; 50均线上穿100均线（+0.07）
2025-03-17 14:40:50,629.72,🔍 持续观察,-0.7419277584701778,65.48,4.73,5.14,611.87,607.13,633.78,616.22,MACD 低于信号线，市场可能下跌（-0.82）; 50均线上穿100均线（+0.08）
2025-03-17 14:55:51,630.76,🔍 持续观察,-0.5168532665964177,66.69,4.78,5.08,612.41,607.36,634.15,617.27,MACD 低于信号线，市场可能下跌（-0.60）; 50均线上穿100均线（+0.08）
2025-03-17 15:10:52,632.91,🔍 持续观察,-0.31178406846609624,68.18,4.81,5.01,612.96,607.6,634.29,618.62,MACD 低于信号线，市场可能下跌（-0.40）; 50均线上穿100均线（+0.09）
2025-03-17 15:25:53,629.81,🔍 持续观察,-0.6667142692617745,63.14,4.5,4.88,613.48,607.81,632.92,621.23,MACD 低于信号线，市场可能下跌（-0.76）; 50均线上穿100均线（+0.09）
2025-03-18 12:58:08,631.24,🔍 持续观察,0.4385540675785156,54.84,0.44,0.21,628.14,629.49,635.99,623.61,MACD 高于信号线，市场上升趋势（+0.46）; 50均线下穿100均线（-0.02）
2025-03-18 13:13:08,635.01,🔍 持续观察,0.9804622349297131,61.49,0.84,0.34,628.32,629.55,636.49,623.42,MACD 高于信号线，市场上升趋势（+1.00）; 50均线下穿100均线（-0.02）
2025-03-18 13:28:09,634.14,🔍 持续观察,1.1415758961897053,59.65,1.06,0.48,628.45,629.61,636.46,623.44,MACD 高于信号线，市场上升趋势（+1.16）; 50均线下穿100均线（-0.02）
2025-03-18 13:43:10,634.19,🔍 持续观察,1.102371718519224,59.0,1.16,0.6,628.56,629.67,635.97,623.67,MACD 高于信号线，市场上升趋势（+1.12）; 50均线下穿100均线（-0.02）
2025-03-18 13:58:11,633.65,🔍 持续观察,1.0628503374354896,57.65,1.27,0.73,628.67,629.75,635.99,623.66,MACD 高于信号线，市场上升趋势（+1.08）; 50均线下穿100均线（-0.02）
2025-03-18 14:13:11,633.4,🔍 持续观察,0.9026942922918152,56.99,1.31,0.85,628.76,629.85,635.93,623.68,MACD 高于信号线，市场上升趋势（+0.92）; 50均线下穿100均线（-0.02）
2025-03-18 14:28:12,632.87,🔍 持续观察,0.6034897048784752,55.48,1.22,0.91,628.87,629.91,636.05,623.71,MACD 高于信号线，市场上升趋势（+0.62）; 50均线下穿100均线（-0.02）
2025-03-18 14:43:13,632.88,🔍 持续观察,0.5849203955618337,54.5,1.31,1.01,629.04,629.99,636.38,624.36,MACD 高于信号线，市场上升趋势（+0.60）; 50均线下穿100均线（-0.02）
2025-03-18 14:58:14,631.77,🔍 持续观察,0.24539821604291698,51.88,1.16,1.03,629.14,630.06,635.96,625.57,MACD 高于信号线，市场上升趋势（+0.26）; 50均线下穿100均线（-0.01）
2025-03-18 15:13:15,635.15,🔍 持续观察,0.32666857115650083,57.89,1.23,1.06,629.25,630.09,636.22,626.08,MACD 高于信号线，市场上升趋势（+0.34）; 50均线下穿100均线（-0.01）
2025-03-18 15:28:16,634.98,🔍 持续观察,0.3877808810460837,57.66,1.3,1.1,629.39,630.16,636.59,626.21,MACD 高于信号线，市场上升趋势（+0.40）; 50均线下穿100均线（-0.01）
2025-03-18 15:43:16,632.79,🔍 持续观察,0.18920960345292606,52.55,1.23,1.13,629.51,630.19,636.81,626.3,MACD 高于信号线，市场上升趋势（+0.20）; 50均线下穿100均线（-0.01）
2025-03-18 15:58:17,633.13,🔍 持续观察,0.07016232169208067,53.21,1.19,1.15,629.61,630.23,636.98,626.58,MACD 高于信号线，市场上升趋势（+0.08）; 50均线下穿100均线（-0.01）
2025-03-18 20:56:28,627.83,🔍 持续观察,-1.9638370765131332,38.61,-1.04,0.08,632.76,630.48,643.02,627.55,MACD 低于信号线，市场可能下跌（-2.00）; 50均线上穿100均线（+0.04）
2025-03-18 21:11:29,628.81,🔍 持续观察,-1.9657398448776315,40.66,-1.22,-0.18,632.63,630.47,643.09,626.78,MACD 低于信号线，市场可能下跌（-2.00）; 50均线上穿100均线（+0.03）
2025-03-18 21:26:29,628.72,🔍 持续观察,-1.947325444913239,40.63,-1.43,-0.44,632.52,630.46,643.26,625.88,MACD 低于信号线，市场可能下跌（-1.98）; 50均线上穿100均线（+0.03）
2025-03-18 21:41:30,624.48,🔍 持续观察,-1.9690667681911191,34.18,-1.85,-0.72,632.34,630.39,643.52,624.34,MACD 低于信号线，市场可能下跌（-2.00）; 50均线上穿100均线（+0.03）
2025-03-18 21:56:31,623.37,🔍 持续观察,-1.9708094044483941,32.77,-2.32,-1.05,632.18,630.34,643.34,622.72,MACD 低于信号线，市场可能下跌（-2.00）; 50均线上穿100均线（+0.03）
2025-03-18 22:11:32,624.2,🔍 持续观察,-1.970650294290294,34.73,-2.5,-1.33,632.18,630.33,643.08,621.72,MACD 低于信号线，市场可能下跌（-2.00）; 50均线上穿100均线（+0.03）
2025-03-18 22:26:33,625.06,🔍 持续观察,-1.9498565807843637,37.06,-2.56,-1.57,632.22,630.32,642.17,621.19,MACD 低于信号线，市场可能下跌（-1.98）; 50均线上穿100均线（+0.03）
2025-03-18 22:41:34,627.67,🔍 持续观察,-1.0890648052669163,43.48,-2.23,-1.67,632.3,630.35,640.79,621.59,MACD 低于信号线，市场可能下跌（-1.12）; 50均线上穿100均线（+0.03）
2025-03-18 22:56:35,626.37,🔍 持续观察,-0.9301748262842277,41.21,-2.29,-1.81,632.22,630.34,639.88,621.2,MACD 低于信号线，市场可能下跌（-0.96）; 50均线上穿100均线（+0.03）
2025-03-18 23:11:36,627.33,🔍 持续观察,-0.4708089413481836,43.47,-2.11,-1.86,632.17,630.33,637.82,621.93,MACD 低于信号线，市场可能下跌（-0.50）; 50均线上穿100均线（+0.03）
2025-03-18 23:26:37,628.51,🔍 持续观察,0.049985721085199136,46.32,-1.83,-1.84,632.19,630.3,636.63,622.37,MACD 高于信号线，市场上升趋势（+0.02）; 50均线上穿100均线（+0.03）
2025-03-18 23:41:38,629.91,🔍 持续观察,0.6115722671743616,49.46,-1.44,-1.73,632.29,630.3,635.58,622.92,MACD 高于信号线，市场上升趋势（+0.58）; 50均线上穿100均线（+0.03）
2025-03-18 23:56:38,626.51,🔍 持续观察,0.3722094406981351,42.58,-1.53,-1.7,632.28,630.25,634.72,622.91,MACD 高于信号线，市场上升趋势（+0.34）; 50均线上穿100均线（+0.03）
2025-03-19 00:11:39,628.59,🔍 持续观察,0.5728461941257667,47.23,-1.35,-1.62,632.28,630.21,633.37,623.59,MACD 高于信号线，市场上升趋势（+0.54）; 50均线上穿100均线（+0.03）
2025-03-19 00:26:41,632.45,🔍 持续观察,1.2745910951731134,54.96,-0.82,-1.44,632.4,630.22,633.6,623.57,MACD 高于信号线，市场上升趋势（+1.24）; 50均线上穿100均线（+0.03）
2025-03-19 00:41:41,633.23,🔍 持续观察,1.7555414518048393,55.88,-0.34,-1.2,632.49,630.25,634.42,623.2,MACD 高于信号线，市场上升趋势（+1.72）; 50均线上穿100均线（+0.04）
2025-03-19 00:56:42,632.18,🔍 持续观察,1.635064893853331,53.66,-0.22,-1.02,632.47,630.26,634.38,623.25,MACD 高于信号线，市场上升趋势（+1.60）; 50均线上穿100均线（+0.04）
2025-03-19 01:11:43,632.88,🔍 持续观察,1.795696720661262,54.5,0.1,-0.78,632.56,630.31,634.91,623.02,MACD 高于信号线，市场上升趋势（+1.76）; 50均线上穿100均线（+0.04）
2025-03-19 01:26:44,630.62,🔍 持续观察,1.3950604435701355,49.79,0.08,-0.6,632.55,630.34,634.67,623.09,MACD 高于信号线，市场上升趋势（+1.36）; 50均线上穿100均线（+0.04）
2025-03-19 01:41:45,631.68,🔍 持续观察,1.213153553299493,51.89,0.14,-0.45,632.49,630.4,634.87,623.06,MACD 高于信号线，市场上升趋势（+1.18）; 50均线上穿100均线（+0.03）
2025-03-19 01:56:47,629.43,🔍 持续观察,0.7715662574156913,47.34,-0.0,-0.37,632.41,630.42,634.88,623.14,MACD 高于信号线，市场上升趋势（+0.74）; 50均线上穿100均线（+0.03）
2025-03-19 02:11:48,632.44,🔍 持续观察,0.9306115975130052,53.51,0.22,-0.23,632.41,630.48,635.37,623.22,MACD 高于信号线，市场上升趋势（+0.90）; 50均线上穿100均线（+0.03）
2025-03-19 02:26:49,632.86,🔍 持续观察,0.9494989929107261,54.4,0.34,-0.12,632.39,630.53,635.73,623.24,MACD 高于信号线，市场上升趋势（+0.92）; 50均线上穿100均线（+0.03）
2025-03-19 02:41:49,633.16,🔍 持续观察,0.8688632326820612,55.0,0.39,-0.03,632.38,630.56,635.63,624.19,MACD 高于信号线，市场上升趋势（+0.84）; 50均线上穿100均线（+0.03）
2025-03-19 02:56:50,634.3,🔍 持续观察,1.007432449575035,57.37,0.58,0.09,632.37,630.64,635.75,625.09,MACD 高于信号线，市场上升趋势（+0.98）; 50均线上穿100均线（+0.03）
2025-03-19 03:11:51,632.38,🔍 持续观察,0.8264780961139027,52.26,0.6,0.2,632.38,630.71,635.57,626.08,MACD 高于信号线，市场上升趋势（+0.80）; 50均线上穿100均线（+0.03）
2025-03-19 03:26:52,631.64,🔍 持续观察,0.5460003804933728,50.5,0.52,0.26,632.4,630.76,635.55,626.48,MACD 高于信号线，市场上升趋势（+0.52）; 50均线上穿100均线（+0.03）
2025-03-19 03:41:53,632.64,🔍 持续观察,0.4848890298034251,52.85,0.56,0.33,632.37,630.8,635.43,627.25,MACD 高于信号线，市场上升趋势（+0.46）; 50均线上穿100均线（+0.02）
2025-03-19 03:56:53,632.42,🔍 持续观察,0.3228263454069897,52.4,0.51,0.36,632.29,630.85,635.17,627.99,MACD 高于信号线，市场上升趋势（+0.30）; 50均线上穿100均线（+0.02）
2025-03-19 04:11:54,629.97,🔍 持续观察,-0.09860097959960018,46.0,0.27,0.33,632.22,630.87,635.01,628.23,MACD 低于信号线，市场可能下跌（-0.12）; 50均线上穿100均线（+0.02）
2025-03-19 04:26:55,630.33,🔍 持续观察,-0.36002789753994435,47.45,0.08,0.27,632.14,630.88,635.07,628.08,MACD 低于信号线，市场可能下跌（-0.38）; 50均线上穿100均线（+0.02）
2025-03-19 04:41:56,630.75,🔍 持续观察,-0.3819302889568707,48.65,0.02,0.22,632.03,630.89,635.02,628.24,MACD 低于信号线，市场可能下跌（-0.40）; 50均线上穿100均线（+0.02）
2025-03-19 04:56:57,629.83,🔍 持续观察,-0.48399137753403826,46.25,-0.1,0.15,631.92,630.91,634.59,628.94,MACD 低于信号线，市场可能下跌（-0.50）; 50均线上穿100均线（+0.02）
2025-03-19 05:11:57,627.75,🔍 持续观察,-0.8190428733827851,41.34,-0.38,0.04,631.71,630.92,634.94,628.28,MACD 低于信号线，市场可能下跌（-0.84）; 50均线上穿100均线（+0.01）; 价格触及布林带下轨，市场可能超卖（+0.01）
2025-03-19 05:26:58,628.19,🔍 持续观察,-0.8512828478143729,42.26,-0.49,-0.06,631.49,630.94,634.68,628.05,MACD 低于信号线，市场可能下跌（-0.86）; 50均线上穿100均线（+0.01）
2025-03-19 05:41:59,628.75,🔍 持续观察,-0.7949286846275745,43.99,-0.55,-0.15,631.32,631.0,634.67,627.76,MACD 低于信号线，市场可能下跌（-0.80）; 50均线上穿100均线（+0.01）
2025-03-19 05:57:00,628.19,🔍 持续观察,-0.839366125760648,42.2,-0.68,-0.26,631.08,631.04,634.47,627.38,MACD 低于信号线，市场可能下跌（-0.84）; 50均线上穿100均线（+0.00）
2025-03-19 06:12:01,627.63,🔍 持续观察,-0.8839615256627631,40.69,-0.82,-0.38,630.82,631.07,634.39,626.88,MACD 低于信号线，市场可能下跌（-0.88）; 50均线下穿100均线（-0.00）
2025-03-19 06:27:01,629.87,🔍 持续观察,-0.5076052856735432,48.96,-0.69,-0.44,630.66,631.14,634.33,626.91,MACD 低于信号线，市场可能下跌（-0.50）; 50均线下穿100均线（-0.01）
2025-03-19 06:42:02,630.22,🔍 持续观察,-0.25204074842757496,50.21,-0.59,-0.47,630.43,631.19,634.26,626.85,MACD 低于信号线，市场可能下跌（-0.24）; 50均线下穿100均线（-0.01）
2025-03-19 06:57:03,629.99,🔍 持续观察,-0.09473360688202133,49.4,-0.52,-0.48,630.28,631.21,634.23,626.8,MACD 低于信号线，市场可能下跌（-0.08）; 50均线下穿100均线（-0.01）
2025-03-19 07:12:04,627.96,🔍 持续观察,-0.2779018408795665,42.83,-0.66,-0.53,630.09,631.22,634.07,626.44,MACD 低于信号线，市场可能下跌（-0.26）; 50均线下穿100均线（-0.02）
2025-03-19 10:20:48,616.7,🔍 持续观察,-0.9120548423441298,25.71,-3.24,-2.3,628.15,630.17,633.4,616.01,RSI 低于 30（25.71），市场可能超卖（+1.00）; MACD 低于信号线，市场可能下跌（-1.88）; 50均线下穿100均线（-0.03）
2025-03-19 10:35:49,616.33,🔍 持续观察,-0.8534883425651123,26.96,-3.46,-2.55,627.96,630.07,633.45,614.64,RSI 低于 30（26.96），市场可能超卖（+1.00）; MACD 低于信号线，市场可能下跌（-1.82）; 50均线下穿100均线（-0.03）
2025-03-19 10:50:50,614.07,🔍 持续观察,-0.9766684127815615,22.15,-3.78,-2.81,627.66,629.97,633.66,612.95,RSI 低于 30（22.15），市场可能超卖（+1.00）; MACD 低于信号线，市场可能下跌（-1.94）; 50均线下穿100均线（-0.04）
2025-03-19 11:05:51,615.23,🔍 持续观察,-0.6784218464713829,28.08,-3.84,-3.02,627.43,629.85,633.38,611.91,RSI 低于 30（28.08），市场可能超卖（+1.00）; MACD 低于信号线，市场可能下跌（-1.64）; 50均线下穿100均线（-0.04）
2025-03-19 15:06:24,617.08,🔍 持续观察,0.6062433491572942,42.05,-1.62,-1.96,623.11,627.74,619.22,614.68,MACD 高于信号线，市场上升趋势（+0.68）; 50均线下穿100均线（-0.07）
2025-03-19 21:50:09,610.32,🔍 持续观察,-1.2059127947156116,42.42,-2.58,-2.03,615.62,622.21,621.91,604.59,MACD 低于信号线，市场可能下跌（-1.10）; 50均线下穿100均线（-0.11）
2025-03-19 22:05:10,610.6,🔍 持续观察,-0.8069097456673417,43.52,-2.49,-2.14,615.37,622.02,621.32,604.26,MACD 低于信号线，市场可能下跌（-0.70）; 50均线下穿100均线（-0.11）
2025-03-19 22:20:11,610.31,🔍 持续观察,-0.42581670231413826,42.82,-2.35,-2.19,615.25,621.83,620.8,604.03,MACD 低于信号线，市场可能下跌（-0.32）; 50均线下穿100均线（-0.11）
2025-03-19 22:35:12,610.3,🔍 持续观察,-0.1461622351976069,43.46,-2.24,-2.22,615.09,621.69,620.59,603.72,MACD 低于信号线，市场可能下跌（-0.04）; 50均线下穿100均线（-0.11）
2025-03-19 22:50:12,611.54,🔍 持续观察,0.31446080087520256,47.2,-1.95,-2.16,615.01,621.57,620.39,603.66,MACD 高于信号线，市场上升趋势（+0.42）; 50均线下穿100均线（-0.11）
2025-03-19 23:05:13,610.53,🔍 持续观察,0.535402539304507,44.84,-1.75,-2.07,614.93,621.43,620.3,603.56,MACD 高于信号线，市场上升趋势（+0.64）; 50均线下穿100均线（-0.10）
2025-03-19 23:20:15,609.39,🔍 持续观察,0.37665829631060477,42.5,-1.79,-2.03,614.82,621.24,620.0,603.21,MACD 高于信号线，市场上升趋势（+0.48）; 50均线下穿100均线（-0.10）
2025-03-19 23:35:15,608.7,🔍 持续观察,0.2763063150098227,40.91,-1.8,-1.99,614.62,621.06,619.32,603.03,MACD 高于信号线，市场上升趋势（+0.38）; 50均线下穿100均线（-0.10）
2025-03-19 23:50:16,609.78,🔍 持续观察,0.5172459333225959,44.23,-1.58,-1.89,614.52,620.9,618.61,603.21,MACD 高于信号线，市场上升趋势（+0.62）; 50均线下穿100均线（-0.10）
2025-03-20 00:05:17,608.86,🔍 持续观察,0.3975350410826484,42.06,-1.58,-1.83,614.34,620.7,617.83,603.2,MACD 高于信号线，市场上升趋势（+0.50）; 50均线下穿100均线（-0.10）
2025-03-20 00:20:18,607.81,🔍 持续观察,0.0974954066337878,40.44,-1.73,-1.83,614.1,620.46,616.58,603.28,MACD 高于信号线，市场上升趋势（+0.20）; 50均线下穿100均线（-0.10）
2025-03-20 00:35:18,607.75,🔍 持续观察,0.09826518766928853,40.68,-1.7,-1.8,613.93,620.24,614.53,604.23,MACD 高于信号线，市场上升趋势（+0.20）; 50均线下穿100均线（-0.10）
2025-03-20 00:50:20,613.84,🔍 持续观察,1.3203499040585656,55.48,-0.82,-1.53,613.99,620.17,614.3,604.78,MACD 高于信号线，市场上升趋势（+1.42）; 50均线下穿100均线（-0.10）
2025-03-20 01:05:20,612.07,🔍 持续观察,1.3412903225806452,50.92,-0.62,-1.34,613.88,620.0,614.05,604.89,MACD 高于信号线，市场上升趋势（+1.44）; 50均线下穿100均线（-0.10）
2025-03-20 01:20:21,612.38,🔍 持续观察,1.3631930169896256,51.55,-0.42,-1.15,613.79,619.79,614.48,604.81,MACD 高于信号线，市场上升趋势（+1.46）; 50均线下穿100均线（-0.10）
2025-03-20 01:35:21,610.68,🔍 持续观察,0.9038011459930607,47.9,-0.56,-1.06,613.59,619.55,614.29,605.13,MACD 高于信号线，市场上升趋势（+1.00）; 50均线下穿100均线（-0.10）
2025-03-20 01:50:22,612.38,🔍 持续观察,0.9453831498046306,51.83,-0.4,-0.92,613.48,619.34,614.56,605.38,MACD 高于信号线，市场上升趋势（+1.04）; 50均线下穿100均线（-0.09）
2025-03-20 02:05:23,611.75,🔍 持续观察,0.8668047098347685,50.37,-0.33,-0.81,613.36,619.13,614.51,605.98,MACD 高于信号线，市场上升趋势（+0.96）; 50均线下穿100均线（-0.09）
2025-03-20 02:20:23,613.35,🔍 持续观察,1.0483962066012882,54.11,-0.08,-0.65,613.3,618.97,614.67,606.69,MACD 高于信号线，市场上升趋势（+1.14）; 50均线下穿100均线（-0.09）
2025-03-20 02:35:25,614.19,🔍 持续观察,1.1503088285201772,56.11,0.12,-0.5,613.24,618.79,615.07,606.82,MACD 高于信号线，市场上升趋势（+1.24）; 50均线下穿100均线（-0.09）
2025-03-20 02:50:26,617.1,🔍 持续观察,1.6433076257171872,61.91,0.62,-0.25,613.28,618.67,616.51,606.39,MACD 高于信号线，市场上升趋势（+1.74）; 50均线下穿100均线（-0.09）; 价格触及布林带上轨，市场可能超买（-0.01）
2025-03-20 03:05:27,618.08,🔍 持续观察,1.9164201303005308,60.55,1.2,0.08,613.4,618.57,618.62,605.46,MACD 高于信号线，市场上升趋势（+2.00）; 50均线下穿100均线（-0.08）
2025-03-20 03:20:27,617.6,🔍 持续观察,1.8988253937453514,59.12,1.31,0.32,613.4,618.42,619.12,605.68,MACD 高于信号线，市场上升趋势（+1.98）; 50均线下穿100均线（-0.08）
2025-03-20 03:35:28,618.28,🔍 持续观察,1.7415540387539217,60.06,1.44,0.53,613.41,618.26,619.75,605.72,MACD 高于信号线，市场上升趋势（+1.82）; 50均线下穿100均线（-0.08）
2025-03-20 03:50:29,617.06,🔍 持续观察,1.3842804213115008,57.87,1.43,0.7,613.39,618.07,620.04,605.8,MACD 高于信号线，市场上升趋势（+1.46）; 50均线下穿100均线（-0.08）
2025-03-20 04:05:30,614.65,🔍 持续观察,0.7061992619926206,52.15,1.15,0.76,613.32,617.88,619.87,606.31,MACD 高于信号线，市场上升趋势（+0.78）; 50均线下穿100均线（-0.07）
2025-03-20 04:20:30,614.57,🔍 持续观察,0.36892990124655817,51.96,1.03,0.81,613.31,617.7,619.9,606.84,MACD 高于信号线，市场上升趋势（+0.44）; 50均线下穿100均线（-0.07）
2025-03-20 04:35:31,614.01,🔍 持续观察,0.010527440851160738,50.64,0.85,0.81,613.22,617.51,619.89,607.16,MACD 高于信号线，市场上升趋势（+0.08）; 50均线下穿100均线（-0.07）
2025-03-20 04:50:32,612.72,🔍 持续观察,-0.42884709465260573,47.6,0.57,0.75,613.06,617.31,619.74,607.52,MACD 低于信号线，市场可能下跌（-0.36）; 50均线下穿100均线（-0.07）
2025-03-20 05:05:33,615.52,🔍 持续观察,-0.1678883326042233,54.3,0.71,0.76,613.0,617.19,619.49,608.73,MACD 低于信号线，市场可能下跌（-0.10）; 50均线下穿100均线（-0.07）
2025-03-20 05:20:33,616.45,🔍 持续观察,0.09452824684795694,56.06,0.88,0.8,613.02,617.06,619.4,609.76,MACD 高于信号线，市场上升趋势（+0.16）; 50均线下穿100均线（-0.07）
2025-03-20 05:35:34,615.61,🔍 持续观察,0.03597121135984277,53.74,0.86,0.81,612.96,616.91,619.49,609.84,MACD 高于信号线，市场上升趋势（+0.10）; 50均线下穿100均线（-0.06）
2025-03-20 05:50:35,615.3,🔍 持续观察,-0.10258410752792801,52.9,0.77,0.79,612.91,616.77,619.49,609.86,MACD 低于信号线，市场可能下跌（-0.04）; 50均线下穿100均线（-0.06）
2025-03-20 06:05:35,615.6,🔍 持续观察,-0.12016476388168201,53.68,0.75,0.78,612.93,616.64,619.56,610.07,MACD 低于信号线，市场可能下跌（-0.06）; 50均线下穿100均线（-0.06）
2025-03-20 06:20:36,616.04,🔍 持续观察,-0.03741906183092134,54.73,0.8,0.79,612.98,616.52,619.42,610.83,MACD 高于信号线，市场上升趋势（+0.02）; 50均线下穿100均线（-0.06）
2025-03-20 06:35:37,616.15,🔍 持续观察,-0.034510942747286825,54.97,0.8,0.79,613.03,616.39,619.21,611.56,MACD 高于信号线，市场上升趋势（+0.02）; 50均线下穿100均线（-0.05）
2025-03-20 06:50:37,617.77,🔍 持续观察,0.2682403335983525,58.95,1.01,0.85,613.12,616.31,619.49,611.99,MACD 高于信号线，市场上升趋势（+0.32）; 50均线下穿100均线（-0.05）
2025-03-20 07:05:38,617.3,🔍 持续观察,0.2501785134696519,57.36,1.04,0.89,613.13,616.2,619.5,612.42,MACD 高于信号线，市场上升趋势（+0.30）; 50均线下穿100均线（-0.05）
2025-03-20 07:20:39,617.34,🔍 持续观察,0.21227892481495822,57.48,1.06,0.93,613.14,616.08,619.52,612.83,MACD 高于信号线，市场上升趋势（+0.26）; 50均线下穿100均线（-0.05）
2025-03-20 08:50:31,621.48,🔍 持续观察,0.5484850060105904,64.35,1.63,1.34,613.64,615.58,621.49,612.49,MACD 高于信号线，市场上升趋势（+0.58）; 50均线下穿100均线（-0.03）
2025-03-20 09:36:26,622.74,🔍 持续观察,0.9657036098385163,63.11,2.24,1.75,614.66,615.54,624.25,612.75,MACD 高于信号线，市场上升趋势（+0.98）; 50均线下穿100均线（-0.01）
2025-03-20 09:51:26,621.19,🔍 持续观察,0.41057676685621375,57.6,1.97,1.76,614.92,615.5,623.96,613.49,MACD 高于信号线，市场上升趋势（+0.42）; 50均线下穿100均线（-0.01）
2025-03-20 10:06:27,616.89,🔍 持续观察,-0.5664995206603506,47.09,1.36,1.64,615.03,615.43,623.69,613.49,MACD 低于信号线，市场可能下跌（-0.56）; 50均线下穿100均线（-0.01）
2025-03-20 10:21:28,620.31,🔍 持续观察,-0.18194972947503513,54.38,1.61,1.7,615.35,615.47,624.11,613.93,MACD 低于信号线，市场可能下跌（-0.18）; 50均线下穿100均线（-0.00）
2025-03-20 10:36:36,620.08,🔍 持续观察,-0.3383751990381192,53.8,1.48,1.65,615.56,615.46,624.04,614.51,MACD 低于信号线，市场可能下跌（-0.34）; 50均线上穿100均线（+0.00）
2025-03-20 10:51:37,622.19,🔍 持续观察,-0.05496377164765806,58.27,1.64,1.67,615.85,615.54,624.34,615.08,MACD 低于信号线，市场可能下跌（-0.06）; 50均线上穿100均线（+0.01）
2025-03-20 11:06:37,624.45,🔍 持续观察,0.34860906713447953,62.41,1.92,1.75,616.16,615.63,625.18,615.25,MACD 高于信号线，市场上升趋势（+0.34）; 50均线上穿100均线（+0.01）
2025-03-20 11:21:38,626.11,🔍 持续观察,0.7102529469087197,65.21,2.19,1.84,616.45,615.74,626.03,615.48,MACD 高于信号线，市场上升趋势（+0.70）; 50均线上穿100均线（+0.01）; 价格触及布林带上轨，市场可能超买（-0.00）
2025-03-20 11:36:39,626.59,🔍 持续观察,0.9355879583022121,64.83,2.44,1.98,616.82,615.86,627.14,615.39,MACD 高于信号线，市场上升趋势（+0.92）; 50均线上穿100均线（+0.02）
2025-03-20 11:38:43,625.79,🔍 持续观察,0.8554258342128752,62.55,2.38,1.96,616.8,615.85,626.96,615.49,MACD 高于信号线，市场上升趋势（+0.84）; 50均线上穿100均线（+0.02）
2025-03-20 11:49:09,626.87,✅ 可能买入机会,1.5199999999999996,64.85,2.63,2.12,617.2,616.01,628.1,615.47,MACD 高于信号线，市场上升趋势（+1.02）; 50均线上穿100均线（+0.50）
2025-03-20 11:52:54,625.32,🔍 持续观察,1.32,60.39,2.51,2.1,617.17,615.99,627.81,615.61,MACD 高于信号线，市场上升趋势（+0.82）; 50均线上穿100均线（+0.50）
2025-03-20 12:07:55,625.47,🔍 持续观察,1.02,60.01,2.41,2.15,617.45,616.06,627.95,616.18,MACD 高于信号线，市场上升趋势（+0.52）; 50均线上穿100均线（+0.50）
2025-03-20 12:22:56,624.59,🔍 持续观察,0.68,58.42,2.24,2.15,617.74,616.13,627.98,616.66,MACD 高于信号线，市场上升趋势（+0.18）; 50均线上穿100均线（+0.50）
2025-03-20 12:37:57,625.22,🔍 持续观察,0.62,59.2,2.25,2.19,618.12,616.21,628.39,616.93,MACD 高于信号线，市场上升趋势（+0.12）; 50均线上穿100均线（+0.50）
2025-03-20 20:43:00,624.62,🔍 持续观察,-1.39,44.33,0.21,1.16,625.88,619.57,637.17,619.24,MACD 低于信号线，市场可能下跌（-1.90）; 50均线上穿100均线（+0.51）
2025-03-20 20:58:01,626.59,🔍 持续观察,-1.13,48.33,0.15,0.97,626.04,619.67,637.1,619.65,MACD 低于信号线，市场可能下跌（-1.64）; 50均线上穿100均线（+0.51）
2025-03-20 21:13:02,624.78,🔍 持续观察,-1.17,44.96,-0.08,0.76,626.15,619.78,637.03,619.87,MACD 低于信号线，市场可能下跌（-1.68）; 50均线上穿100均线（+0.51）
2025-03-20 21:28:03,625.68,🔍 持续观察,-1.07,47.16,-0.23,0.56,626.2,619.93,636.78,620.47,MACD 低于信号线，市场可能下跌（-1.58）; 50均线上穿100均线（+0.51）
2025-03-20 21:43:04,627.29,🔍 持续观察,-0.68,50.49,-0.18,0.41,626.28,620.13,636.36,621.5,MACD 低于信号线，市场可能下跌（-1.18）; 50均线上穿100均线（+0.50）
2025-03-20 21:58:04,624.71,🔍 持续观察,-0.78,45.35,-0.41,0.23,626.26,620.3,636.2,621.73,MACD 低于信号线，市场可能下跌（-1.28）; 50均线上穿100均线（+0.50）
2025-03-20 22:13:05,625.38,🔍 持续观察,-0.62,46.93,-0.47,0.09,626.37,620.49,635.63,621.48,MACD 低于信号线，市场可能下跌（-1.12）; 50均线上穿100均线（+0.50）
2025-03-20 22:28:06,628.12,🔍 持续观察,-0.08,52.83,-0.26,0.03,626.57,620.72,635.2,621.54,MACD 低于信号线，市场可能下跌（-0.58）; 50均线上穿100均线（+0.50）
2025-03-20 22:43:07,626.97,🔍 持续观察,0.16,50.16,-0.17,-0.0,626.7,620.91,633.78,622.11,MACD 低于信号线，市场可能下跌（-0.34）; 50均线上穿100均线（+0.50）
2025-03-20 22:58:08,626.95,🔍 持续观察,0.24,50.18,-0.17,-0.04,626.82,621.09,632.82,622.34,MACD 低于信号线，市场可能下跌（-0.26）; 50均线上穿100均线（+0.50）
2025-03-20 23:13:09,626.77,🔍 持续观察,0.36,49.71,-0.12,-0.05,626.93,621.26,632.64,622.31,MACD 低于信号线，市场可能下跌（-0.14）; 50均线上穿100均线（+0.50）
2025-03-20 23:28:10,625.22,🔍 持续观察,0.2,46.47,-0.24,-0.09,626.95,621.42,632.17,622.19,MACD 低于信号线，市场可能下跌（-0.30）; 50均线上穿100均线（+0.50）
2025-03-20 23:43:10,623.19,🔍 持续观察,-0.2,42.62,-0.54,-0.19,626.9,621.54,631.73,621.76,MACD 低于信号线，市场可能下跌（-0.70）; 50均线上穿100均线（+0.50）
2025-03-20 23:58:11,623.76,🔍 持续观察,-0.24,43.81,-0.65,-0.28,626.84,621.65,630.84,621.87,MACD 低于信号线，市场可能下跌（-0.74）; 50均线上穿100均线（+0.50）
2025-03-21 00:13:12,622.19,🔍 持续观察,0.06,40.88,-0.86,-0.39,626.73,621.79,629.27,622.35,MACD 低于信号线，市场可能下跌（-0.94）; 50均线上穿100均线（+0.50）; 价格触及布林带下轨，市场可能超卖（+0.50）
2025-03-21 00:28:13,620.43,🔍 持续观察,-0.26,37.71,-1.17,-0.54,626.65,621.9,629.14,621.58,MACD 低于信号线，市场可能下跌（-1.26）; 50均线上穿100均线（+0.50）; 价格触及布林带下轨，市场可能超卖（+0.50）
2025-03-21 00:43:14,618.09,🔍 持续观察,-0.74,34.06,-1.65,-0.78,626.5,621.97,629.79,619.86,MACD 低于信号线，市场可能下跌（-1.74）; 50均线上穿100均线（+0.50）; 价格触及布林带下轨，市场可能超卖（+0.50）
2025-03-21 00:58:14,617.83,🔍 持续观察,-0.92,33.92,-1.99,-1.03,626.34,622.05,630.35,618.53,MACD 低于信号线，市场可能下跌（-1.92）; 50均线上穿100均线（+0.50）; 价格触及布林带下轨，市场可能超卖（+0.50）
2025-03-21 01:13:15,620.0,🔍 持续观察,-1.14,40.47,-2.06,-1.24,626.23,622.17,630.31,617.88,MACD 低于信号线，市场可能下跌（-1.64）; 50均线上穿100均线（+0.50）
2025-03-21 01:28:16,619.7,🔍 持续观察,-0.82,40.27,-2.06,-1.4,626.1,622.29,630.27,617.43,MACD 低于信号线，市场可能下跌（-1.32）; 50均线上穿100均线（+0.50）
2025-03-21 01:43:17,622.34,🔍 持续观察,-0.18,46.53,-1.81,-1.47,626.06,622.38,630.08,617.41,MACD 低于信号线，市场可能下跌（-0.68）; 50均线上穿100均线（+0.50）
2025-03-21 01:58:17,621.72,🔍 持续观察,0.18,45.33,-1.66,-1.5,626.03,622.46,629.75,617.29,MACD 低于信号线，市场可能下跌（-0.32）; 50均线上穿100均线（+0.50）
2025-03-21 02:13:18,622.08,🔍 持续观察,0.44,46.38,-1.54,-1.51,625.98,622.55,629.66,617.14,MACD 低于信号线，市场可能下跌（-0.06）; 50均线上穿100均线（+0.50）
2025-03-21 02:28:19,622.09,🔍 持续观察,0.66,46.42,-1.41,-1.49,625.91,622.67,629.44,617.03,MACD 高于信号线，市场上升趋势（+0.16）; 50均线上穿100均线（+0.50）
2025-03-21 02:43:20,622.88,🔍 持续观察,0.94,48.47,-1.21,-1.43,625.84,622.8,629.13,617.04,MACD 高于信号线，市场上升趋势（+0.44）; 50均线上穿100均线（+0.50）
2025-03-21 02:58:20,624.7,🔍 持续观察,1.34,53.13,-0.91,-1.33,625.77,622.92,629.14,617.05,MACD 高于信号线，市场上升趋势（+0.84）; 50均线上穿100均线（+0.50）
2025-03-21 03:13:21,624.57,✅ 可能买入机会,1.52,52.78,-0.69,-1.2,625.73,623.04,628.99,617.07,MACD 高于信号线，市场上升趋势（+1.02）; 50均线上穿100均线（+0.50）
2025-03-21 03:28:21,624.75,✅ 可能买入机会,1.64,53.27,-0.48,-1.05,625.7,623.16,628.23,617.43,MACD 高于信号线，市场上升趋势（+1.14）; 50均线上穿100均线（+0.50）
2025-03-21 03:43:22,625.8,✅ 可能买入机会,1.86,55.99,-0.2,-0.88,625.67,623.26,628.2,617.45,MACD 高于信号线，市场上升趋势（+1.36）; 50均线上穿100均线（+0.50）
2025-03-21 03:58:23,626.3,✅ 可能买入机会,2.02,56.55,0.1,-0.66,625.67,623.33,628.18,617.48,MACD 高于信号线，市场上升趋势（+1.52）; 50均线上穿100均线（+0.50）
2025-03-21 04:13:24,625.17,✅ 可能买入机会,1.86,52.84,0.19,-0.49,625.65,623.41,628.0,617.54,MACD 高于信号线，市场上升趋势（+1.36）; 50均线上穿100均线（+0.50）
2025-03-21 04:28:24,627.01,✅ 可能买入机会,1.92,57.73,0.4,-0.31,625.72,623.52,628.42,617.39,MACD 高于信号线，市场上升趋势（+1.42）; 50均线上穿100均线（+0.50）
2025-03-21 04:43:25,628.45,✅ 可能买入机会,2.06,61.11,0.67,-0.11,625.83,623.63,629.19,617.12,MACD 高于信号线，市场上升趋势（+1.56）; 50均线上穿100均线（+0.50）
2025-03-21 04:58:26,628.45,✅ 可能买入机会,2.06,60.85,0.87,0.09,625.97,623.77,629.87,616.9,MACD 高于信号线，市场上升趋势（+1.56）; 50均线上穿100均线（+0.50）
2025-03-21 05:13:26,628.74,✅ 可能买入机会,2.02,61.77,1.04,0.28,626.12,623.91,630.61,616.82,MACD 高于信号线，市场上升趋势（+1.52）; 50均线上穿100均线（+0.50）
2025-03-21 05:28:27,629.31,✅ 可能买入机会,1.94,62.81,1.18,0.46,626.24,624.06,631.15,617.24,MACD 高于信号线，市场上升趋势（+1.44）; 50均线上穿100均线（+0.50）
2025-03-21 05:43:28,630.1,✅ 可能买入机会,1.94,64.71,1.36,0.64,626.18,624.23,631.55,618.08,MACD 高于信号线，市场上升趋势（+1.44）; 50均线上穿100均线（+0.50）
2025-03-21 05:58:28,631.46,✅ 可能买入机会,2.06,67.72,1.61,0.83,626.16,624.41,631.99,619.06,MACD 高于信号线，市场上升趋势（+1.56）; 50均线上穿100均线（+0.50）
2025-03-21 06:13:29,630.31,✅ 可能买入机会,1.88,62.2,1.7,1.01,626.05,624.55,632.45,619.61,MACD 高于信号线，市场上升趋势（+1.38）; 50均线上穿100均线（+0.50）
2025-03-21 06:28:30,630.21,✅ 可能买入机会,1.64,61.78,1.72,1.15,625.99,624.69,632.65,620.39,MACD 高于信号线，市场上升趋势（+1.14）; 50均线上穿100均线（+0.50）
2025-03-21 06:43:30,631.38,✅ 可能买入机会,1.54,64.03,1.79,1.27,626.01,624.85,633.12,620.73,MACD 高于信号线，市场上升趋势（+1.04）; 50均线上穿100均线（+0.50）
2025-03-21 06:58:31,629.32,🔍 持续观察,1.12,56.63,1.66,1.35,625.97,624.99,633.0,621.61,MACD 高于信号线，市场上升趋势（+0.62）; 50均线上穿100均线（+0.50）
2025-03-21 07:13:32,629.52,🔍 持续观察,0.88,57.22,1.58,1.39,625.94,625.12,632.93,622.42,MACD 高于信号线，市场上升趋势（+0.38）; 50均线上穿100均线（+0.50）
2025-03-21 07:28:32,629.33,🔍 持续观察,0.64,56.65,1.47,1.4,625.89,625.25,632.72,623.3,MACD 高于信号线，市场上升趋势（+0.14）; 50均线上穿100均线（+0.50）
2025-03-21 09:27:54,626.3,🔍 持续观察,-0.14,43.38,0.36,0.93,626.06,626.05,631.93,626.51,MACD 低于信号线，市场可能下跌（-1.14）; 50均线上穿100均线（+0.50）; 价格触及布林带下轨，市场可能超卖（+0.50）
2025-03-21 09:42:55,627.73,🔍 持续观察,-1.02,49.29,0.3,0.81,626.14,626.14,631.91,626.46,MACD 低于信号线，市场可能下跌（-1.02）
2025-03-21 09:57:56,627.86,🔍 持续观察,-1.4,49.86,0.24,0.69,626.18,626.19,631.93,626.36,MACD 低于信号线，市场可能下跌（-0.90）; 50均线下穿100均线（-0.50）
2025-03-21 10:17:30,627.96,🔍 持续观察,-0.12,49.95,0.24,0.55,626.3,626.28,631.9,626.33,MACD 低于信号线，市场可能下跌（-0.62）; 50均线上穿100均线（+0.50）
2025-03-21 10:32:31,629.35,🔍 持续观察,0.26,54.78,0.43,0.55,626.42,626.4,631.87,626.46,MACD 低于信号线，市场可能下跌（-0.24）; 50均线上穿100均线（+0.50）
2025-03-21 11:04:46,629.46,🔍 持续观察,-0.6,54.8,0.47,0.52,626.49,626.59,631.38,626.62,MACD 低于信号线，市场可能下跌（-0.10）; 50均线下穿100均线（-0.50）
2025-03-21 11:22:47,629.22,🔍 持续观察,-0.72,53.63,0.35,0.46,626.49,626.66,631.29,626.48,MACD 低于信号线，市场可能下跌（-0.22）; 50均线下穿100均线（-0.50）
2025-03-21 11:37:47,628.86,🔍 持续观察,-0.76,52.44,0.29,0.42,626.52,626.72,630.93,626.55,MACD 低于信号线，市场可能下跌（-0.26）; 50均线下穿100均线（-0.50）
2025-03-21 12:07:48,629.28,🔍 持续观察,-0.58,53.6,0.37,0.41,626.74,626.82,630.98,626.55,MACD 低于信号线，市场可能下跌（-0.08）; 50均线下穿100均线（-0.50）
2025-03-21 12:22:49,628.79,🔍 持续观察,-0.64,51.38,0.33,0.4,626.83,626.84,630.91,626.54,MACD 低于信号线，市场可能下跌（-0.14）; 50均线下穿100均线（-0.50）
2025-03-21 12:41:18,629.25,🔍 持续观察,0.44,53.57,0.36,0.39,626.98,626.86,630.94,626.55,MACD 低于信号线，市场可能下跌（-0.06）; 50均线上穿100均线（+0.50）
2025-03-21 12:56:19,630.18,🔍 持续观察,0.58,57.58,0.46,0.42,627.2,626.92,631.04,626.53,MACD 高于信号线，市场上升趋势（+0.08）; 50均线上穿100均线（+0.50）
2025-03-21 13:11:19,629.6,🔍 持续观察,0.58,54.25,0.46,0.42,627.44,626.97,630.86,626.6,MACD 高于信号线，市场上升趋势（+0.08）; 50均线上穿100均线（+0.50）
2025-03-21 13:26:20,630.48,🔍 持续观察,0.68,58.5,0.54,0.45,627.71,627.02,631.03,626.54,MACD 高于信号线，市场上升趋势（+0.18）; 50均线上穿100均线（+0.50）
2025-03-21 13:41:21,631.35,🔍 持续观察,0.26,62.07,0.61,0.48,627.91,627.07,631.3,626.59,MACD 高于信号线，市场上升趋势（+0.26）; 50均线上穿100均线（+0.50）; 价格触及布林带上轨，市场可能超买（-0.50）
2025-03-21 13:56:22,632.0,🔍 持续观察,0.48,64.37,0.78,0.54,628.15,627.14,631.91,626.47,MACD 高于信号线，市场上升趋势（+0.48）; 50均线上穿100均线（+0.50）; 价格触及布林带上轨，市场可能超买（-0.50）
2025-03-21 14:11:23,632.0,🔍 持续观察,1.08,61.94,0.92,0.63,628.35,627.21,632.44,626.53,MACD 高于信号线，市场上升趋势（+0.58）; 50均线上穿100均线（+0.50）
2025-03-21 14:26:23,631.16,🔍 持续观察,0.9,57.37,0.88,0.68,628.54,627.28,632.36,627.04,MACD 高于信号线，市场上升趋势（+0.40）; 50均线上穿100均线（+0.50）
2025-03-21 14:41:24,630.44,🔍 持续观察,0.78,53.06,0.86,0.72,628.73,627.36,632.51,627.26,MACD 高于信号线，市场上升趋势（+0.28）; 50均线上穿100均线（+0.50）
2025-03-21 14:56:25,629.77,🔍 持续观察,0.46,50.17,0.69,0.71,628.86,627.39,632.48,627.35,MACD 低于信号线，市场可能下跌（-0.04）; 50均线上穿100均线（+0.50）
2025-03-21 15:11:26,631.22,🔍 持续观察,0.52,56.05,0.73,0.72,629.04,627.44,632.59,627.58,MACD 高于信号线，市场上升趋势（+0.02）; 50均线上穿100均线（+0.50）
2025-03-21 15:26:26,632.22,🔍 持续观察,0.68,59.55,0.84,0.75,629.2,627.48,632.95,627.5,MACD 高于信号线，市场上升趋势（+0.18）; 50均线上穿100均线（+0.50）
2025-03-21 15:41:27,630.15,🔍 持续观察,0.46,50.19,0.73,0.75,629.31,627.53,633.02,627.48,MACD 低于信号线，市场可能下跌（-0.04）; 50均线上穿100均线（+0.50）
2025-03-21 15:56:28,629.26,🔍 持续观察,0.1,47.19,0.49,0.69,629.37,627.54,633.0,627.45,MACD 低于信号线，市场可能下跌（-0.40）; 50均线上穿100均线（+0.50）
2025-03-21 16:11:29,629.53,🔍 持续观察,-0.02,48.43,0.35,0.61,629.42,627.56,632.88,627.72,MACD 低于信号线，市场可能下跌（-0.52）; 50均线上穿100均线（+0.50）
2025-03-21 16:26:29,628.06,🔍 持续观察,-0.24,43.44,0.15,0.52,629.45,627.56,632.93,627.64,MACD 低于信号线，市场可能下跌（-0.74）; 50均线上穿100均线（+0.50）
2025-03-22 11:24:52,629.31,🔍 持续观察,0.02,33.93,-1.0,-0.51,633.92,632.77,636.66,629.68,MACD 低于信号线，市场可能下跌（-0.98）; 50均线上穿100均线（+0.50）; 价格触及布林带下轨，市场可能超卖（+0.50）
2025-03-22 11:39:52,628.38,🔍 持续观察,-0.14,31.42,-1.23,-0.66,633.78,632.75,637.01,628.75,MACD 低于信号线，市场可能下跌（-1.14）; 50均线上穿100均线（+0.50）; 价格触及布林带下轨，市场可能超卖（+0.50）
2025-03-22 11:54:53,630.26,🔍 持续观察,-0.34,40.39,-1.18,-0.76,633.71,632.77,636.87,628.59,MACD 低于信号线，市场可能下跌（-0.84）; 50均线上穿100均线（+0.50）
2025-03-22 12:09:54,628.29,🔍 持续观察,-0.44,33.58,-1.35,-0.88,633.61,632.77,636.81,627.92,MACD 低于信号线，市场可能下跌（-0.94）; 50均线上穿100均线（+0.50）
2025-03-22 12:24:55,627.74,🔍 持续观察,-0.44,31.96,-1.46,-0.99,633.5,632.77,636.6,627.43,MACD 低于信号线，市场可能下跌（-0.94）; 50均线上穿100均线（+0.50）
2025-03-22 12:39:57,628.66,🔍 持续观察,-0.28,36.69,-1.47,-1.08,633.42,632.76,636.37,627.1,MACD 低于信号线，市场可能下跌（-0.78）; 50均线上穿100均线（+0.50）
2025-03-22 12:54:59,628.42,🔍 持续观察,-0.18,35.42,-1.51,-1.17,633.32,632.75,636.09,626.72,MACD 低于信号线，市场可能下跌（-0.68）; 50均线上穿100均线（+0.50）
2025-03-22 13:10:00,628.45,🔍 持续观察,0.04,37.52,-1.45,-1.22,633.22,632.76,635.74,626.59,MACD 低于信号线，市场可能下跌（-0.46）; 50均线上穿100均线（+0.50）
2025-03-22 13:25:01,628.38,🔍 持续观察,0.14,37.26,-1.44,-1.26,633.06,632.75,635.59,626.3,MACD 低于信号线，市场可能下跌（-0.36）; 50均线上穿100均线（+0.50）
2025-03-22 13:40:02,628.14,🔍 持续观察,0.18,36.53,-1.46,-1.3,632.93,632.73,635.42,625.96,MACD 低于信号线，市场可能下跌（-0.32）; 50均线上穿100均线（+0.50）
2025-03-22 13:55:02,629.0,🔍 持续观察,0.4,41.53,-1.36,-1.31,632.79,632.72,634.95,625.95,MACD 低于信号线，市场可能下跌（-0.10）; 50均线上穿100均线（+0.50）
