timestamp,open,high,low,close,volume,quote_asset_volume,num_trades,taker_buy_base,taker_buy_quote
2025-03-22 19:30:00,625.9,626.32,625.5,626.22,836.855,523736.3018,4773.0,429.881,269045.8019
2025-03-22 19:45:00,626.23,626.33,625.76,626.2,741.124,463988.3395,3102.0,187.985,117705.6497
2025-03-22 20:00:00,626.2,627.42,625.77,627.4,661.919,414791.658,4393.0,410.102,257032.5454
2025-03-22 20:15:00,627.39,629.1,626.63,628.61,1952.419,1225892.5212,8586.0,1312.233,823811.0635
2025-03-22 20:30:00,628.61,628.67,627.36,627.38,654.165,410734.3748,3967.0,332.917,209025.5429
2025-03-22 20:45:00,627.39,627.89,627.19,627.64,596.216,374158.8534,3915.0,316.76,198782.9819
2025-03-22 21:00:00,627.63,628.79,626.62,628.74,1022.943,641848.5582,4559.0,519.634,326046.689
2025-03-22 21:15:00,628.74,628.8,628.05,628.19,651.425,409332.3811,3262.0,326.016,204855.7099
2025-03-22 21:30:00,628.19,628.25,625.2,626.01,1436.136,899803.7638,6404.0,589.137,369033.5478
2025-03-22 21:45:00,626.01,627.0,625.5,625.85,1205.299,754801.3372,4436.0,339.87,212836.7169
2025-03-22 22:00:00,625.86,627.89,625.85,627.78,1316.122,825548.684,6078.0,775.694,486541.7225
2025-03-22 22:15:00,627.78,627.84,626.5,626.5,422.025,264745.1166,2968.0,228.276,143217.9801
2025-03-22 22:30:00,626.51,626.75,626.25,626.43,541.204,339084.4115,3303.0,300.465,188254.9291
2025-03-22 22:45:00,626.43,627.53,626.4,627.35,442.8,277671.2362,3124.0,235.141,147435.7797
2025-03-22 23:00:00,627.35,627.58,625.9,626.4,736.726,461787.5546,4230.0,353.851,221793.5427
2025-03-22 23:15:00,626.41,626.66,624.8,625.3,1103.581,690290.8677,4770.0,434.164,271616.6605
2025-03-22 23:30:00,625.3,626.17,625.29,625.75,932.741,583709.9539,4799.0,486.506,304423.447
2025-03-22 23:45:00,625.75,627.03,625.62,627.01,981.933,615037.2442,3566.0,568.17,355870.9874
2025-03-23 00:00:00,627.01,627.3,625.5,626.13,2104.6,1318534.2343,8207.0,989.459,619936.3755
2025-03-23 00:15:00,626.12,626.38,625.08,625.77,1368.559,856419.957,4732.0,599.783,375301.8511
2025-03-23 00:30:00,625.77,626.9,625.51,626.58,1154.414,723048.199,3980.0,794.028,497289.1865
2025-03-23 00:45:00,626.59,628.4,626.33,627.85,1228.246,770852.0828,4314.0,768.709,482451.8624
2025-03-23 01:00:00,627.84,629.14,627.77,629.01,1189.347,747494.966,5304.0,688.962,432975.3642
2025-03-23 01:15:00,629.01,629.1,627.79,627.98,1507.491,947530.8411,5540.0,540.128,339541.4234
2025-03-23 01:30:00,627.98,628.35,626.29,626.29,871.09,546295.0941,5175.0,265.931,166814.0884
2025-03-23 01:45:00,626.29,626.48,623.96,624.41,3426.297,2140453.0864,8093.0,1482.202,925791.4056
2025-03-23 02:00:00,624.4,625.15,623.67,623.67,2050.085,1280414.6215,7600.0,782.727,488931.0344
2025-03-23 02:15:00,623.67,623.75,623.0,623.43,3715.873,2315975.8823,7184.0,2248.171,1401207.8635
2025-03-23 02:30:00,623.43,625.17,623.13,625.05,2569.058,1603617.4263,6121.0,1506.163,940356.8931
2025-03-23 02:45:00,625.05,625.17,623.68,624.14,2696.319,1684178.8599,5419.0,857.159,535179.0332
2025-03-23 03:00:00,624.14,624.22,622.96,623.61,1521.584,948783.4406,5735.0,772.65,481824.2465
2025-03-23 03:15:00,623.6,624.81,623.6,624.39,651.208,406518.749,3456.0,438.853,273954.6953
2025-03-23 03:30:00,624.39,624.5,623.7,624.07,879.888,549127.0135,3694.0,417.953,260831.0078
2025-03-23 03:45:00,624.06,624.07,623.3,624.06,1382.336,862135.2725,4540.0,603.099,376130.7741
2025-03-23 04:00:00,624.06,624.36,622.52,622.94,3135.533,1955425.8719,6166.0,951.02,593014.9689
2025-03-23 04:15:00,622.94,623.7,622.56,623.51,1470.839,916468.544,4211.0,685.511,427135.7952
2025-03-23 04:30:00,623.51,623.51,621.99,622.58,1834.474,1142368.1789,5420.0,750.052,467122.6081
2025-03-23 04:45:00,622.58,622.86,622.37,622.82,942.166,586553.5015,4402.0,506.833,315522.6359
2025-03-23 05:00:00,622.82,623.02,622.31,622.78,1028.392,640395.4512,4467.0,476.465,296718.5416
2025-03-23 05:15:00,622.77,623.38,622.77,623.0,1083.936,675431.1459,4766.0,539.327,336068.1355
2025-03-23 05:30:00,623.01,623.43,622.91,623.1,1396.439,870193.5224,5409.0,473.001,294750.6667
2025-03-23 05:45:00,623.09,624.32,622.9,624.27,2112.538,1317189.1588,6113.0,1275.808,795420.0367
2025-03-23 06:00:00,624.27,624.3,622.65,623.28,2592.371,1615781.5052,7463.0,903.675,563211.0538
2025-03-23 06:15:00,623.28,623.7,622.9,623.54,1051.089,655116.8257,4914.0,368.319,229570.518
2025-03-23 06:30:00,623.55,624.33,623.3,623.9,1672.611,1043440.434,7396.0,687.266,428762.9788
2025-03-23 06:45:00,623.91,623.91,622.83,622.93,1669.751,1040640.1097,4954.0,724.846,451677.7266
2025-03-23 07:00:00,622.93,623.64,622.82,623.33,1043.645,650473.8359,5277.0,464.29,289373.0581
2025-03-23 07:15:00,623.33,623.33,622.75,623.04,608.024,378762.3151,3948.0,220.192,137163.0574
2025-03-23 07:30:00,623.04,623.81,623.0,623.08,1477.694,921182.5336,5832.0,560.069,349153.4797
2025-03-23 07:45:00,623.09,624.21,622.83,622.88,1391.453,867384.011,5997.0,564.802,352151.858
2025-03-23 08:00:00,622.87,624.12,622.69,623.71,2546.105,1586879.3398,7074.0,1298.342,809225.088
2025-03-23 08:15:00,623.71,623.76,622.94,623.01,1717.803,1070942.44,5543.0,607.538,378754.158
2025-03-23 08:30:00,623.01,623.6,622.75,622.83,1290.769,804316.5818,5467.0,516.682,321959.5809
2025-03-23 08:45:00,622.82,623.18,622.21,622.22,1021.278,636002.0346,3719.0,468.903,292031.5853
2025-03-23 09:00:00,622.21,623.0,621.25,622.52,2250.084,1399773.0571,7443.0,1335.791,830931.6761
2025-03-23 09:15:00,622.52,622.78,622.02,622.51,1160.837,722489.8144,6099.0,521.872,324803.8032
2025-03-23 09:30:00,622.51,622.87,622.05,622.4,1234.656,768580.0879,4133.0,720.546,448543.5286
2025-03-23 09:45:00,622.39,622.48,621.49,621.49,991.108,616585.3523,4525.0,518.426,322556.9408
2025-03-23 10:00:00,621.5,621.81,621.3,621.7,1135.365,705678.7802,4129.0,546.113,339434.5004
2025-03-23 10:15:00,621.7,621.89,620.01,620.4,3963.03,2460171.048,8036.0,1318.909,819063.6022
2025-03-23 10:30:00,620.4,620.79,620.01,620.39,2893.42,1795190.8609,5758.0,1558.636,967069.1485
2025-03-23 10:45:00,620.39,620.92,620.19,620.92,2703.135,1677475.7487,4708.0,1935.841,1201286.6906
2025-03-23 11:00:00,620.92,622.4,620.84,621.46,1901.252,1182081.3308,5877.0,1001.72,622764.4859
2025-03-23 11:15:00,621.47,624.63,621.47,624.01,2859.106,1782114.3942,9911.0,1777.374,1107945.9466
2025-03-23 11:30:00,624.01,624.01,622.31,622.78,1789.475,1114800.2959,6531.0,672.417,418850.4949
2025-03-23 11:45:00,622.79,623.1,621.0,621.7,1844.167,1146967.3877,6899.0,666.178,414258.2552
2025-03-23 12:00:00,621.7,622.4,621.16,621.26,1248.745,776764.8282,5946.0,554.263,344778.3196
2025-03-23 12:15:00,621.25,621.76,620.71,621.75,1410.975,876556.1941,6333.0,811.005,503852.256
2025-03-23 12:30:00,621.75,623.11,621.6,622.53,1717.571,1069148.8334,7431.0,1170.689,728649.0412
2025-03-23 12:45:00,622.53,623.46,622.16,623.32,2210.557,1376837.4097,7047.0,1524.585,949545.3414
2025-03-23 13:00:00,623.32,623.43,622.54,623.0,1476.155,919740.3885,6192.0,598.787,373066.4564
2025-03-23 13:15:00,623.0,623.7,622.88,623.28,1650.187,1028531.1272,6517.0,700.987,436929.1271
2025-03-23 13:30:00,623.28,624.5,623.06,623.13,1679.37,1047253.1232,9772.0,742.89,463318.8326
2025-03-23 13:45:00,623.14,624.73,623.06,624.17,2129.358,1328916.7713,8164.0,1081.237,674923.8683
2025-03-23 14:00:00,624.18,624.36,623.21,623.44,2187.515,1364346.2729,8769.0,799.427,498607.0619
2025-03-23 14:15:00,623.44,623.6,622.04,622.59,2024.472,1260805.5251,7022.0,738.514,459899.4672
2025-03-23 14:30:00,622.59,623.57,622.52,622.77,1506.538,938537.3892,6254.0,710.482,442648.4816
2025-03-23 14:45:00,622.78,623.5,622.53,622.67,1368.172,852440.8503,6740.0,625.426,389676.3642
2025-03-23 15:00:00,622.67,623.7,622.62,622.8,1890.094,1177819.3537,7002.0,827.404,515505.3347
2025-03-23 15:15:00,622.81,623.3,622.7,622.91,1269.181,790714.0098,5121.0,668.46,416446.7462
2025-03-23 15:30:00,622.92,623.2,622.0,622.01,2200.795,1369772.8628,6923.0,575.677,358414.1975
2025-03-23 15:45:00,622.01,622.36,621.31,621.35,2023.898,1258542.3178,6267.0,707.458,439886.8128
2025-03-23 16:00:00,621.35,621.61,619.5,620.49,3892.554,2414201.5038,9411.0,1290.124,800321.4253
2025-03-23 16:15:00,620.49,621.57,620.18,621.09,1609.938,999466.6208,6757.0,1068.59,663354.4128
2025-03-23 16:30:00,621.09,621.95,619.58,621.95,2227.371,1382601.0129,8001.0,1385.539,860177.1316
2025-03-23 16:45:00,621.95,622.74,621.26,621.43,1951.878,1214354.5485,8503.0,953.418,593225.8257
2025-03-23 17:00:00,621.44,622.65,621.01,622.21,1133.209,704578.864,5212.0,715.493,444828.9306
2025-03-23 17:15:00,622.22,623.2,622.1,622.77,1229.815,766006.2885,5025.0,851.68,530493.0938
2025-03-23 17:30:00,622.77,622.88,621.32,621.48,1341.471,834560.6014,8516.0,514.151,319908.8283
2025-03-23 17:45:00,621.48,623.07,621.39,623.07,986.725,614109.3851,5948.0,510.785,317875.4945
2025-03-23 18:00:00,623.07,623.3,622.4,622.95,1290.395,803737.8421,4536.0,487.414,303557.8836
2025-03-23 18:15:00,622.95,623.73,621.99,623.11,3022.293,1881571.3375,7823.0,1781.251,1108531.6113
2025-03-23 18:30:00,623.12,624.09,622.85,622.99,1357.987,846740.204,6309.0,526.498,328311.3518
2025-03-23 18:45:00,622.98,623.9,622.78,623.4,1064.304,663436.8492,5337.0,468.304,291926.0265
2025-03-23 19:00:00,623.39,623.6,622.9,623.0,2022.632,1260716.6357,5239.0,1014.024,632024.1876
2025-03-23 19:15:00,623.01,623.33,622.65,623.25,2156.84,1343473.7229,5662.0,1187.967,739950.002
2025-03-23 19:30:00,623.24,623.8,623.1,623.61,1997.756,1245541.7024,6235.0,1170.152,729534.0434
2025-03-23 19:45:00,623.62,623.7,623.05,623.11,677.83,422589.4506,3625.0,263.969,164578.1626
2025-03-23 20:00:00,623.1,623.37,622.06,622.19,606.772,377862.0417,3644.0,280.934,174907.8495
2025-03-23 20:15:00,622.2,623.01,622.2,622.81,823.046,512494.2255,4068.0,432.6,269355.119
2025-03-23 20:30:00,622.8,623.44,622.56,623.3,1168.106,727693.913,4047.0,706.145,439879.1662
2025-03-23 20:45:00,623.31,623.77,623.23,623.76,994.616,620100.2272,3436.0,553.787,345263.1466
2025-03-23 21:00:00,623.77,623.8,622.8,623.79,1041.672,649122.7832,4471.0,482.351,300573.05
2025-03-23 21:15:00,623.8,623.8,622.6,622.74,934.472,582151.3579,4115.0,412.299,256812.8621
2025-03-23 21:30:00,622.75,623.16,622.6,622.6,577.527,359789.5553,3207.0,241.349,150350.2914
2025-03-23 21:45:00,622.61,623.62,622.57,623.51,484.82,302198.9558,2980.0,161.669,100761.3147
2025-03-23 22:00:00,623.5,624.0,623.49,623.9,782.121,487866.0724,4464.0,344.239,214726.8334
2025-03-23 22:15:00,623.9,624.3,622.95,622.99,1186.772,740212.4404,5433.0,483.951,301886.453
2025-03-23 22:30:00,622.99,623.16,622.17,622.17,457.938,285137.5487,3676.0,209.358,130347.4054
2025-03-23 22:45:00,622.18,622.62,620.51,621.92,1970.444,1224127.2736,7031.0,1179.638,732836.2199
2025-03-23 23:00:00,621.92,622.41,621.35,621.61,1619.376,1007141.1614,4843.0,645.956,401770.1269
2025-03-23 23:15:00,621.61,622.53,621.51,622.27,956.037,594606.5288,3745.0,410.484,255312.7846
2025-03-23 23:30:00,622.27,622.98,621.59,621.8,894.506,556705.5234,5016.0,483.202,300742.176
2025-03-23 23:45:00,621.8,623.8,621.75,623.79,1018.832,634571.9316,5423.0,680.558,423862.81
2025-03-24 00:00:00,623.8,627.0,622.55,625.27,5592.293,3492675.3282,15208.0,3505.664,2189384.3001
2025-03-24 00:15:00,625.26,627.3,624.78,626.6,3852.858,2411888.3886,14156.0,1761.909,1103093.7998
2025-03-24 00:30:00,626.6,627.25,624.63,624.64,4489.141,2810600.9196,17849.0,1535.174,961304.6164
2025-03-24 00:45:00,624.64,624.9,622.47,622.73,3113.648,1942265.1189,12185.0,1491.465,930648.763
2025-03-24 01:00:00,622.74,622.89,621.4,622.09,3346.629,2082537.9727,11305.0,1692.813,1053505.9048
2025-03-24 01:15:00,622.09,622.51,620.65,620.88,4775.036,2967731.376,10671.0,2069.585,1286643.3491
2025-03-24 01:30:00,620.88,621.93,620.74,621.16,3447.002,2141984.26,6727.0,1222.634,759838.6454
2025-03-24 01:45:00,621.16,621.6,619.06,619.29,3442.834,2135790.6058,7413.0,842.493,522663.7838
2025-03-24 02:00:00,619.28,621.6,618.0,621.57,3584.878,2223498.3396,10931.0,1879.43,1166229.4365
2025-03-24 02:15:00,621.57,621.57,620.5,620.98,1604.062,996093.3962,5432.0,440.196,273308.5823
2025-03-24 02:30:00,620.98,621.2,619.66,619.79,1877.997,1165392.0002,6751.0,712.773,442379.731
2025-03-24 02:45:00,619.79,621.34,619.79,621.11,2504.394,1553638.4506,7270.0,1421.47,881865.8127
2025-03-24 03:00:00,621.11,623.3,621.01,623.1,2996.226,1864012.6677,9687.0,2137.914,1330071.8758
2025-03-24 03:15:00,623.11,626.73,622.68,624.9,4205.732,2626800.6544,16361.0,2700.76,1686791.6261
2025-03-24 03:30:00,624.89,625.2,622.83,622.92,3215.673,2007030.1389,11260.0,1460.905,911969.1347
2025-03-24 03:45:00,622.92,623.3,621.94,623.28,1600.276,996261.1968,6198.0,655.824,408309.1897
2025-03-24 04:00:00,623.29,624.99,623.22,624.89,2607.992,1627375.2583,10264.0,1705.141,1064106.9009
2025-03-24 04:15:00,624.89,625.0,623.7,623.91,1260.004,786404.8958,5910.0,761.458,475212.1933
2025-03-24 04:30:00,623.91,625.27,623.59,624.78,2663.48,1663659.6513,6375.0,1798.255,1123423.1476
2025-03-24 04:45:00,624.78,625.16,624.0,624.66,1869.673,1167661.7389,7148.0,805.007,502783.6656
2025-03-24 05:00:00,624.67,624.86,622.98,624.29,3631.773,2265805.2184,10263.0,1550.243,967179.8656
2025-03-24 05:15:00,624.3,625.0,624.19,625.0,1807.232,1128680.3746,5863.0,1004.996,627682.1535
2025-03-24 05:30:00,625.0,625.63,624.65,625.33,1638.093,1024093.0102,6328.0,838.101,523962.293
2025-03-24 05:45:00,625.32,625.4,624.84,625.12,1601.586,1001126.1605,4657.0,703.625,439831.2688
2025-03-24 06:00:00,625.13,625.96,624.36,625.96,4376.089,2735848.9153,8386.0,2799.927,1750503.5153
2025-03-24 06:15:00,625.96,626.07,624.75,625.25,2300.138,1438434.0928,6019.0,1410.154,881743.4007
2025-03-24 06:30:00,625.26,625.27,623.9,624.33,1317.261,822539.9852,5173.0,447.094,279179.0047
2025-03-24 06:45:00,624.34,624.8,623.06,623.08,2542.614,1586791.0308,5512.0,860.431,537091.9008
2025-03-24 07:00:00,623.09,623.98,622.14,622.68,2740.995,1707499.8269,6636.0,1579.069,983593.2769
2025-03-24 07:15:00,622.69,623.12,622.0,622.04,1901.821,1183797.5696,5678.0,777.646,484024.7392
2025-03-24 07:30:00,622.05,622.31,620.75,621.0,2385.567,1482956.5618,6065.0,972.908,604752.3945
2025-03-24 07:45:00,620.99,623.13,620.99,623.06,1618.746,1007258.4308,7077.0,1028.756,640151.5052
2025-03-24 08:00:00,623.05,624.33,622.01,623.86,2055.841,1281287.9394,8505.0,1056.706,658736.674
2025-03-24 08:15:00,623.87,626.49,623.87,625.31,4313.655,2696546.6554,12107.0,2411.22,1507231.7891
2025-03-24 08:30:00,625.31,625.39,623.65,625.13,3692.454,2306266.4425,10246.0,1760.745,1099815.8935
2025-03-24 08:45:00,625.12,626.53,625.12,626.13,2486.639,1556439.1162,9092.0,1432.458,896649.1958
2025-03-24 09:00:00,626.13,627.71,626.13,627.52,2755.272,1726922.7116,8131.0,1628.439,1020733.7733
2025-03-24 09:15:00,627.52,628.0,626.23,627.01,2803.014,1758151.172,9880.0,1406.99,882619.4945
2025-03-24 09:30:00,627.01,627.57,626.21,626.97,2902.81,1819886.9935,8280.0,1793.595,1124510.2645
2025-03-24 09:45:00,626.96,628.0,626.9,627.94,2975.134,1866619.0991,6080.0,2018.837,1266514.5713
2025-03-24 10:00:00,627.95,629.7,627.93,629.17,2454.682,1543612.3856,9427.0,1548.906,973966.3162
2025-03-24 10:15:00,629.17,629.24,628.13,628.89,2079.199,1307329.2043,6434.0,726.449,456727.3006
2025-03-24 10:30:00,628.89,630.0,628.75,629.07,3113.934,1960278.7804,7311.0,2129.236,1340631.8525
2025-03-24 10:45:00,629.07,629.77,628.88,629.23,3088.087,1943565.7478,6877.0,972.48,611994.5396
2025-03-24 11:00:00,629.23,632.16,629.2,630.64,5517.548,3480422.6105,12992.0,3149.993,1986463.0035
2025-03-24 11:15:00,630.64,631.35,628.84,629.01,3109.747,1958989.0561,9809.0,1252.168,788848.8271
2025-03-24 11:30:00,629.02,630.77,628.86,630.07,2401.269,1512265.9703,7106.0,1403.896,884145.5332
2025-03-24 11:45:00,630.07,631.0,630.06,630.75,2095.124,1321247.7132,8021.0,1197.516,755155.1881
2025-03-24 12:00:00,630.75,631.75,629.73,631.18,3354.541,2116000.6188,10234.0,1654.665,1043558.4765
2025-03-24 12:15:00,631.17,631.18,626.8,627.37,5968.848,3755045.6792,12682.0,1902.92,1196768.159
2025-03-24 12:30:00,627.36,628.83,627.36,628.45,1777.267,1116222.8376,8352.0,899.887,565199.7162
2025-03-24 12:45:00,628.46,628.59,626.51,626.88,2034.444,1276389.1735,7197.0,602.416,377903.9226
2025-03-24 13:00:00,626.88,627.89,626.02,626.52,6593.623,4134981.369,15531.0,3553.809,2229215.9091
2025-03-24 13:15:00,626.52,626.52,624.7,624.75,2882.561,1802784.3258,10680.0,979.865,612740.8922
2025-03-24 13:30:00,624.74,627.1,624.6,625.85,2805.26,1756645.2154,12660.0,1453.607,910264.1586
2025-03-24 13:45:00,625.85,626.75,624.78,626.37,3489.725,2183570.7263,13186.0,1961.865,1227725.5539
2025-03-24 14:00:00,626.36,628.54,626.23,628.46,4433.631,2782053.8429,13863.0,2721.93,1707668.8273
2025-03-24 14:15:00,628.46,630.43,626.8,627.28,7152.829,4496732.6605,21073.0,3316.414,2085521.195
2025-03-24 14:30:00,627.29,629.5,626.12,629.25,5431.295,3408839.2014,15530.0,3144.364,1973605.496
2025-03-24 14:45:00,629.24,629.46,626.9,627.08,3432.859,2157454.3619,11756.0,1445.598,908678.2404
2025-03-24 15:00:00,627.07,628.08,627.07,627.55,3239.14,2032695.2504,9634.0,1649.79,1035324.965
2025-03-24 15:15:00,627.55,628.96,627.55,628.02,2044.041,1284160.9331,7850.0,974.426,612172.9513
2025-03-24 15:30:00,628.02,628.24,627.09,627.48,2294.552,1439989.5551,7241.0,1184.192,743089.7507
2025-03-24 15:45:00,627.48,632.35,626.53,631.04,12330.471,7772562.2466,24600.0,7913.745,4988797.8428
2025-03-24 16:00:00,631.05,635.67,629.9,633.88,16085.955,10182247.184,36253.0,10312.134,6528161.8258
2025-03-24 16:15:00,633.89,636.76,633.49,634.25,9947.789,6316531.4149,32163.0,4961.699,3150824.0688
2025-03-24 16:30:00,634.25,635.26,632.0,634.89,6333.779,4014060.2159,20607.0,3081.029,1952751.9433
2025-03-24 16:45:00,634.9,639.0,634.14,635.78,9876.525,6286529.7041,27784.0,5704.493,3630128.2542
2025-03-24 17:00:00,635.79,637.19,635.3,635.63,3957.579,2517959.1293,11673.0,2091.485,1330645.1401
2025-03-24 17:15:00,635.63,638.95,635.5,638.8,3546.173,2260779.8036,10770.0,2176.913,1387814.7927
2025-03-24 17:30:00,638.8,639.5,637.62,638.1,4326.534,2763842.7532,13252.0,2522.315,1611497.0978
2025-03-24 17:45:00,638.1,639.12,637.56,638.06,3288.804,2099618.6539,11042.0,1518.608,969568.0995
2025-03-24 18:00:00,638.06,638.65,635.97,636.6,3321.299,2115976.8855,11312.0,1225.222,780599.8872
2025-03-24 18:15:00,636.71,637.11,635.18,635.8,2048.84,1302951.1992,8337.0,1028.514,654021.0985
2025-03-24 18:30:00,635.8,637.39,635.43,636.6,2980.383,1896631.6774,9551.0,1055.332,671781.7118
2025-03-24 18:45:00,636.61,637.29,636.47,636.81,1521.038,968742.3315,6481.0,892.269,568275.46
2025-03-24 19:00:00,636.81,637.13,636.19,636.57,1557.106,991351.0808,6846.0,732.468,466369.1491
2025-03-24 19:15:00,636.58,636.6,635.81,636.49,1032.073,656629.5744,5789.0,536.355,341254.899
2025-03-24 19:30:00,636.49,636.51,635.5,635.98,1412.112,898259.1255,7089.0,728.65,463494.5973
2025-03-24 19:45:00,635.98,637.1,635.8,636.26,1933.735,1230666.0363,6093.0,1362.609,867159.9243
2025-03-24 20:00:00,636.25,638.49,636.11,638.1,1780.576,1135173.027,7552.0,995.613,634648.2851
2025-03-24 20:15:00,638.1,638.12,637.6,637.93,926.061,590694.8418,4221.0,485.411,309622.7049
2025-03-24 20:30:00,637.93,638.5,636.91,637.09,1362.471,868752.9399,5842.0,659.505,420552.9146
2025-03-24 20:45:00,637.09,637.09,635.76,636.64,1340.375,852753.4536,6294.0,722.728,459811.2218
2025-03-24 21:00:00,636.64,637.0,635.45,635.45,2012.976,1280900.0557,7505.0,806.957,513545.4905
2025-03-24 21:15:00,635.46,636.44,635.45,635.9,1824.102,1159862.1816,6179.0,953.295,606146.2297
2025-03-24 21:30:00,635.9,636.02,634.63,635.78,1887.148,1199007.4713,5076.0,945.883,600983.2648
2025-03-24 21:45:00,635.78,635.78,635.22,635.3,1020.589,648550.3918,3968.0,510.935,324664.0346
2025-03-24 22:00:00,635.31,635.33,633.28,633.29,2574.416,1632189.666,7474.0,728.789,462089.536
2025-03-24 22:15:00,633.29,633.89,632.3,633.54,1590.292,1006837.5588,6523.0,724.74,458831.7184
2025-03-24 22:30:00,633.57,634.58,633.3,634.37,876.471,555729.3011,4156.0,500.213,317186.8879
2025-03-24 22:45:00,634.38,635.66,633.85,635.39,1511.757,959137.5336,5687.0,864.461,548525.8846
2025-03-24 23:00:00,635.38,636.42,635.22,636.25,1426.688,907079.9307,7528.0,882.522,561086.9533
2025-03-24 23:15:00,636.25,636.7,634.23,634.58,3562.98,2264253.3751,9054.0,1488.556,945927.0558
2025-03-24 23:30:00,634.58,635.7,634.49,635.7,1839.782,1168129.0001,6454.0,1118.86,710342.9044
2025-03-24 23:45:00,635.7,637.2,635.55,637.08,1848.344,1176107.7337,9209.0,1054.303,670977.3744
2025-03-25 00:00:00,637.08,639.93,636.46,638.42,4341.622,2771919.1069,15342.0,2530.762,1615482.0315
2025-03-25 00:15:00,638.41,642.0,638.41,639.39,8192.71,5245054.3939,22259.0,5803.866,3714928.8377
2025-03-25 00:30:00,639.4,641.38,637.98,638.9,6312.506,4035835.0184,11321.0,3027.858,1935126.9214
2025-03-25 00:45:00,638.9,638.9,635.71,636.55,4622.71,2944870.5847,9808.0,2338.024,1488841.8792
2025-03-25 01:00:00,636.55,636.88,635.45,635.88,1578.475,1003830.4871,7875.0,736.293,468259.6664
2025-03-25 01:15:00,635.88,636.23,633.35,633.63,2746.708,1743096.1042,8288.0,1295.512,822244.1428
2025-03-25 01:30:00,633.63,635.69,632.82,635.4,3271.775,2074863.8384,14853.0,1733.951,1100001.9262
2025-03-25 01:45:00,635.39,636.26,634.7,636.26,1638.302,1041272.9189,7372.0,931.016,591797.0206
2025-03-25 02:00:00,636.27,636.73,635.01,635.79,2047.769,1302492.8154,9136.0,936.324,595603.1581
2025-03-25 02:15:00,635.8,638.81,635.8,638.8,2206.741,1407298.5368,7966.0,1529.15,975171.6738
2025-03-25 02:30:00,638.8,639.54,637.88,639.47,3368.504,2152121.4116,8641.0,2334.017,1491263.3036
2025-03-25 02:45:00,639.48,639.78,639.07,639.26,1892.211,1209919.5658,7439.0,1048.456,670392.2442
2025-03-25 03:00:00,639.27,641.63,639.27,640.04,5525.342,3538807.0571,10516.0,3840.728,2459795.4634
2025-03-25 03:15:00,640.04,640.04,638.0,639.74,5549.415,3546502.0295,12518.0,2238.912,1430898.9871
2025-03-25 03:30:00,639.73,639.99,637.8,638.24,2663.465,1701037.5844,9925.0,1385.084,884607.9549
2025-03-25 03:45:00,638.24,640.14,637.28,640.09,3409.418,2178187.0586,10766.0,2026.519,1294916.2448
2025-03-25 04:00:00,640.09,640.2,638.69,639.22,2728.584,1744883.6547,9610.0,1364.22,872506.127
2025-03-25 04:15:00,639.22,640.0,638.4,639.34,1913.973,1223479.3237,7486.0,1063.248,679689.4474
2025-03-25 04:30:00,639.35,639.72,638.54,639.34,2513.099,1606179.9175,7401.0,1212.778,775163.4464
2025-03-25 04:45:00,639.34,640.3,639.2,639.97,4280.217,2738733.2646,7892.0,2101.553,1344556.1454
2025-03-25 05:00:00,639.97,640.15,639.51,639.89,1735.92,1110754.2962,5583.0,858.03,549041.0335
2025-03-25 05:15:00,639.89,640.57,639.38,639.74,2658.173,1701367.5023,6432.0,1269.884,812830.3631
2025-03-25 05:30:00,639.73,641.5,639.69,641.5,3745.755,2400291.17,6740.0,2709.766,1736565.3353
2025-03-25 05:45:00,641.5,643.68,641.49,642.63,5329.968,3425344.1311,10994.0,3865.1,2484013.2826
2025-03-25 06:00:00,642.63,644.88,642.63,644.86,4205.507,2707698.9936,11717.0,2952.175,1900712.9184
2025-03-25 06:15:00,644.86,644.86,643.0,643.81,3104.205,1998686.8582,9489.0,1606.486,1034369.9905
2025-03-25 06:30:00,643.81,644.81,642.4,643.01,4451.049,2867041.3945,10091.0,2459.242,1584335.5988
2025-03-25 06:45:00,643.01,643.99,642.4,643.04,3630.982,2335450.2577,10871.0,2049.648,1318385.9271
2025-03-25 07:00:00,643.03,644.08,642.99,643.34,4413.502,2840651.0836,12525.0,2580.846,1660991.8133
2025-03-25 07:15:00,643.35,643.52,642.31,642.64,4027.37,2588900.4708,11066.0,1776.192,1141774.1726
2025-03-25 07:30:00,642.64,642.84,639.42,639.86,6936.791,4446635.4223,17537.0,2639.469,1692239.7013
2025-03-25 07:45:00,639.86,641.62,639.3,641.51,5427.677,3474404.1675,13192.0,2508.285,1605898.0954
2025-03-25 08:00:00,641.51,641.59,640.3,641.07,6094.759,3906956.2937,12404.0,2965.035,1900918.3884
2025-03-25 08:15:00,641.07,641.29,639.31,639.72,6578.424,4211928.1295,13325.0,3299.382,2112371.2288
2025-03-25 08:30:00,639.72,641.38,639.64,640.05,8838.964,5662118.9763,16141.0,4616.756,2957351.1694
2025-03-25 08:45:00,640.05,640.17,639.51,640.15,6945.635,4444268.8676,13551.0,3613.139,2311908.41
2025-03-25 09:00:00,640.15,641.31,640.15,641.27,9548.144,6119051.8154,16198.0,5135.342,3291046.1139
2025-03-25 09:15:00,641.27,643.2,641.27,643.11,10789.424,6932418.1566,18915.0,6258.681,4021342.7252
2025-03-25 09:30:00,643.11,643.6,641.3,641.65,14922.593,9589122.7273,23431.0,7076.738,4547412.8194
2025-03-25 09:45:00,641.65,642.68,640.09,640.14,19202.576,12323928.9273,30765.0,9381.989,6021825.9396
2025-03-25 10:00:00,640.14,640.65,635.62,637.09,29033.742,18536800.1249,47176.0,12468.88,7961318.3722
2025-03-25 10:15:00,637.09,639.19,637.03,638.79,16526.241,10545734.9974,31111.0,8570.34,5469007.4618
2025-03-25 10:30:00,638.78,639.36,637.69,638.41,20396.142,13026417.8875,29047.0,9766.145,6237275.542
2025-03-25 10:45:00,638.41,638.41,636.44,637.06,15800.763,10073772.7665,23755.0,7160.333,4564994.5062
2025-03-25 11:00:00,637.05,639.53,634.37,634.38,32169.149,20498514.1471,58107.0,12962.795,8262023.4594
2025-03-25 11:15:00,634.37,635.04,632.95,633.29,39529.955,25051633.9325,58701.0,15572.919,9869419.5291
2025-03-25 11:30:00,633.3,635.88,632.95,635.59,21411.554,13580416.154,30740.0,11114.635,7049570.7822
2025-03-25 11:45:00,635.59,636.38,634.1,634.41,11588.898,7359961.1923,20528.0,5692.41,3614912.9493
2025-03-25 12:00:00,634.42,634.7,633.22,633.91,9104.903,5770733.8297,16906.0,4465.833,2830563.1266
2025-03-25 12:15:00,633.92,633.92,631.98,633.05,9323.655,5899895.2773,15090.0,4109.004,2600280.1405
2025-03-25 12:30:00,633.06,633.89,632.53,632.9,6653.564,4212486.3448,13412.0,3749.519,2374038.9263
2025-03-25 12:45:00,632.89,632.9,630.8,630.93,6601.178,4172965.9749,12870.0,3304.529,2089307.2673
2025-03-25 13:00:00,630.92,632.55,630.7,632.05,8577.782,5418567.0831,18029.0,5028.308,3176524.9073
2025-03-25 13:15:00,632.06,634.3,632.06,634.01,6700.733,4244802.074,14845.0,3539.795,2242304.6342
2025-03-25 13:30:00,634.01,635.36,631.25,632.11,10370.933,6566809.903,26268.0,5317.727,3368277.7184
2025-03-25 13:45:00,632.11,633.68,631.4,632.63,5277.134,3338432.0613,14124.0,3143.842,1988981.0204
2025-03-25 14:00:00,632.63,633.76,631.95,633.49,6663.93,4217735.9069,15915.0,4246.924,2688023.3734
2025-03-25 14:15:00,633.49,633.89,632.76,633.47,4609.68,2919596.2377,10808.0,2465.31,1561407.1741
2025-03-25 14:30:00,633.47,635.07,633.2,634.71,5395.117,3421463.4256,12418.0,3039.098,1927308.3302
2025-03-25 14:45:00,634.72,635.57,633.61,634.15,4759.252,3020813.5174,11422.0,2372.698,1506034.2411
2025-03-25 15:00:00,634.15,635.03,633.58,633.7,5403.522,3427828.3291,8849.0,3084.918,1956987.5389
2025-03-25 15:15:00,633.7,634.89,633.29,634.24,4720.017,2992912.4797,7150.0,2861.541,1814200.099
2025-03-25 15:30:00,634.24,634.5,633.28,634.47,3658.86,2319368.8277,6475.0,1639.61,1039363.8728
2025-03-25 15:45:00,634.48,634.48,633.32,633.9,3081.036,1952623.3908,7132.0,1742.687,1104378.4182
2025-03-25 16:00:00,633.89,633.95,632.39,632.66,4059.703,2569994.1251,8362.0,2081.481,1317757.2471
2025-03-25 16:15:00,632.66,632.88,630.43,630.44,4908.569,3101397.3142,8616.0,1923.124,1215162.4138
2025-03-25 16:30:00,630.45,631.98,630.01,631.67,6014.613,3793325.4649,8951.0,4305.292,2715416.1867
2025-03-25 16:45:00,631.66,632.45,631.23,632.21,2468.33,1559916.9058,7081.0,1366.633,863740.2139
2025-03-25 17:00:00,632.21,633.56,632.2,632.65,1867.287,1181859.0516,5843.0,916.424,579987.6426
2025-03-25 17:15:00,632.66,633.2,632.33,632.33,2029.255,1284227.2531,4792.0,943.059,596777.0116
2025-03-25 17:30:00,632.34,632.51,631.65,632.24,2079.913,1314788.8338,4896.0,937.863,592857.2749
2025-03-25 17:45:00,632.23,632.69,631.32,631.7,1450.09,916322.8306,6275.0,767.177,484720.4862
2025-03-25 18:00:00,631.7,631.99,630.85,630.87,1583.087,999576.148,4837.0,709.744,448157.741
2025-03-25 18:15:00,630.87,631.65,630.74,631.5,1313.92,829331.2384,5062.0,831.307,524672.9589
2025-03-25 18:30:00,631.5,631.52,630.51,630.52,1661.098,1048204.4878,6196.0,905.204,571195.9123
2025-03-25 18:45:00,630.51,630.82,630.15,630.42,1756.827,1107592.5489,4513.0,854.304,538597.5856
2025-03-25 19:00:00,630.42,631.05,630.42,630.71,1238.491,781183.1376,3409.0,758.901,478671.9138
2025-03-25 19:15:00,630.71,630.9,630.5,630.53,1509.349,951935.9415,3564.0,883.969,557506.316
2025-03-25 19:30:00,630.53,631.59,630.49,631.58,1829.961,1154579.1298,3953.0,1137.238,717596.4983
2025-03-25 19:45:00,631.59,631.59,630.48,631.25,1851.023,1168405.8958,5395.0,699.454,441385.104
2025-03-25 20:00:00,631.26,632.18,630.79,631.95,2196.811,1386916.9279,7384.0,1200.386,757776.6254
2025-03-25 20:15:00,631.96,632.13,631.7,632.05,1012.979,640082.1097,2302.0,436.249,275674.2464
2025-03-25 20:30:00,632.05,632.37,631.7,632.36,1102.174,696596.4306,3666.0,707.621,447229.8521
2025-03-25 20:45:00,632.36,632.46,631.43,631.63,1543.556,975517.8541,3278.0,808.329,510821.428
2025-03-25 21:00:00,631.63,632.16,631.15,631.15,2058.141,1300376.8496,3853.0,881.851,557141.08
2025-03-25 21:15:00,631.16,631.41,630.72,630.73,1020.038,643712.928,2589.0,682.544,430725.3452
2025-03-25 21:30:00,630.73,630.75,630.0,630.45,2615.059,1647996.409,3292.0,465.655,293555.6597
2025-03-25 21:45:00,630.45,630.71,630.33,630.36,879.588,554627.975,1900.0,483.603,304934.153
2025-03-25 22:00:00,630.37,630.51,628.83,628.97,2654.634,1670576.573,6349.0,1034.493,650960.6914
2025-03-25 22:15:00,628.98,628.98,627.14,627.46,2155.824,1353346.6169,6732.0,1012.228,635380.7905
2025-03-25 22:30:00,627.46,629.84,627.05,629.61,2610.351,1640445.8679,5547.0,1796.197,1128749.4349
2025-03-25 22:45:00,629.61,630.37,629.2,629.2,1244.567,783829.0104,3822.0,671.171,422700.4328
2025-03-25 23:00:00,629.2,629.34,627.71,628.19,1685.879,1059538.0786,4808.0,762.97,479415.9008
2025-03-25 23:15:00,628.2,629.13,628.19,628.96,874.33,549783.9363,3065.0,400.462,251771.938
2025-03-25 23:30:00,628.96,630.05,628.94,629.79,1823.159,1147799.8427,4415.0,1244.688,783560.0267
2025-03-25 23:45:00,629.79,629.96,629.5,629.82,724.247,456121.7593,2559.0,396.747,249859.607
2025-03-26 00:00:00,629.82,630.55,629.36,629.36,3011.473,1896618.1848,5097.0,1647.116,1037488.9777
2025-03-26 00:15:00,629.36,629.9,629.23,629.8,1118.1,703962.4646,3452.0,720.781,453802.6401
2025-03-26 00:30:00,629.8,630.6,629.37,630.38,1189.132,749285.6282,4897.0,628.949,396298.0199
2025-03-26 00:45:00,630.38,630.55,629.92,630.39,1448.606,912872.1717,3887.0,538.361,339239.1697
2025-03-26 01:00:00,630.39,631.27,630.2,631.18,1154.649,728323.8939,3743.0,666.588,420493.0446
2025-03-26 01:15:00,631.17,631.4,630.38,631.08,1844.747,1163986.5978,4699.0,838.417,528980.1144
2025-03-26 01:30:00,631.09,631.4,630.74,631.35,1074.301,678027.9626,3443.0,696.843,439807.0559
2025-03-26 01:45:00,631.35,631.76,631.2,631.73,974.634,615421.0256,3019.0,666.723,420987.5879
2025-03-26 02:00:00,631.73,631.94,630.41,630.41,1425.77,900167.788,4394.0,726.713,458847.8179
2025-03-26 02:15:00,630.42,630.67,629.86,630.48,902.881,569024.561,3952.0,383.157,241498.0454
2025-03-26 02:30:00,630.49,630.7,628.74,628.79,2026.813,1275949.0443,5101.0,746.622,469983.596
2025-03-26 02:45:00,628.8,629.58,627.48,627.57,4290.275,2695330.6668,8654.0,1818.149,1142096.7947
2025-03-26 03:00:00,627.61,629.76,627.5,629.21,5970.861,3751489.349,6856.0,5059.71,3178555.496
2025-03-26 03:15:00,629.22,629.85,628.79,629.69,1072.746,675256.5357,3744.0,691.908,435533.9626
2025-03-26 03:30:00,629.7,629.71,628.33,628.34,1646.43,1035771.3924,4195.0,766.764,482403.9224
2025-03-26 03:45:00,628.34,628.69,627.7,628.13,2411.546,1515030.2338,4999.0,1348.258,847050.5395
2025-03-26 04:00:00,628.13,629.19,627.94,629.17,1904.704,1197379.6948,4601.0,1028.724,646713.2154
2025-03-26 04:15:00,629.17,630.3,629.05,630.29,1786.419,1124647.0687,3624.0,1000.55,629993.1531
2025-03-26 04:30:00,630.3,630.74,629.89,629.9,1261.561,795236.7102,3495.0,523.863,330245.2611
2025-03-26 04:45:00,629.89,629.9,629.16,629.47,1244.021,783062.2785,3484.0,548.312,345116.6352
2025-03-26 05:00:00,629.48,630.08,629.47,630.02,808.396,509101.2223,2463.0,424.1,267068.5145
2025-03-26 05:15:00,630.03,630.38,629.8,630.36,1074.412,676964.162,2827.0,658.508,414915.2858
2025-03-26 05:30:00,630.36,631.54,630.35,631.36,2128.145,1342671.7214,5137.0,1360.493,858336.1721
2025-03-26 05:45:00,631.35,631.35,630.61,630.75,1146.254,723243.6961,3687.0,578.628,365065.9002
2025-03-26 06:00:00,630.76,631.38,630.75,631.11,1536.099,969359.6968,3159.0,803.303,506939.4385
2025-03-26 06:15:00,631.11,631.34,630.97,630.98,866.906,547132.0508,2737.0,450.694,284436.892
2025-03-26 06:30:00,630.98,631.44,630.97,631.43,1239.481,782297.4199,3290.0,593.136,374384.9165
2025-03-26 06:45:00,631.43,632.41,631.32,632.14,2115.108,1336282.4252,4957.0,1580.205,998358.1768
2025-03-26 07:00:00,632.13,632.5,631.81,632.46,1832.074,1158157.724,4866.0,912.051,576525.7183
2025-03-26 07:15:00,632.46,633.28,632.27,633.15,1790.816,1132885.4027,4447.0,1165.887,737616.4406
2025-03-26 07:30:00,633.15,634.01,633.14,633.69,2612.705,1655534.407,6392.0,1358.986,861111.3971
2025-03-26 07:45:00,633.69,633.99,632.79,633.46,2132.61,1350996.8984,5318.0,1132.388,717271.8036
2025-03-26 08:00:00,633.46,633.81,632.37,632.7,2506.125,1587121.7215,6088.0,809.564,512734.1616
2025-03-26 08:15:00,632.71,632.89,632.16,632.44,1449.308,916638.3434,4383.0,706.45,446800.6734
2025-03-26 08:30:00,632.44,633.08,632.43,632.95,2046.351,1295012.4981,4991.0,1256.5,795141.0174
2025-03-26 08:45:00,632.96,632.96,632.22,632.28,1059.443,670079.6058,4233.0,439.089,277719.2091
2025-03-26 09:00:00,632.27,632.34,631.65,631.66,1211.484,765728.3642,4101.0,548.523,346727.5423
2025-03-26 09:15:00,631.65,631.66,630.58,630.74,1815.457,1145727.7104,4712.0,623.984,393739.9181
2025-03-26 09:30:00,630.74,630.78,630.15,630.27,1900.221,1197915.5516,3989.0,886.578,558897.3205
2025-03-26 09:45:00,630.28,630.36,630.0,630.23,1808.591,1139588.7211,3532.0,910.588,573759.19
2025-03-26 10:00:00,630.24,631.09,630.23,631.09,2903.541,1831050.5656,4341.0,2046.447,1290489.8216
2025-03-26 10:15:00,631.09,631.17,630.37,630.4,1980.252,1249097.8184,4123.0,1003.703,633044.8631
2025-03-26 10:30:00,630.41,630.98,630.4,630.8,1891.705,1193049.6431,4369.0,1244.194,784656.3442
2025-03-26 10:45:00,630.81,632.19,630.8,631.71,2279.623,1439557.5797,6371.0,1203.111,759695.2771
2025-03-26 11:00:00,631.71,632.54,631.66,632.43,1577.746,997378.8388,4965.0,1184.604,748823.5216
2025-03-26 11:15:00,632.43,632.48,631.85,632.38,1107.966,700517.3002,4267.0,512.891,324261.9803
2025-03-26 11:30:00,632.38,632.38,631.64,631.76,1348.047,851901.0823,4923.0,785.482,496379.8651
2025-03-26 11:45:00,631.77,632.5,631.21,631.39,1414.843,894144.6889,4996.0,763.875,482782.4377
2025-03-26 12:00:00,631.39,631.39,630.06,630.17,2824.067,1781212.5947,6923.0,1135.086,715994.3098
2025-03-26 12:15:00,630.18,630.37,630.0,630.23,2688.265,1693909.1629,5404.0,1058.507,667021.5468
2025-03-26 12:30:00,630.24,630.31,629.21,630.05,4793.603,3019579.0112,6974.0,1147.665,722757.6085
2025-03-26 12:45:00,630.05,630.42,629.8,629.93,1682.204,1059933.2504,5749.0,707.39,445709.1428
2025-03-26 13:00:00,629.93,629.94,628.38,629.22,3304.014,2078000.4621,7784.0,1858.458,1168714.8086
2025-03-26 13:15:00,629.21,629.59,628.04,628.22,3155.721,1984553.9142,8798.0,1611.02,1013128.3004
2025-03-26 13:30:00,628.23,629.76,627.55,629.39,3637.327,2287265.8103,10863.0,2033.764,1278994.3247
2025-03-26 13:45:00,629.4,629.79,625.06,625.5,8127.364,5092495.9733,21340.0,2745.293,1720114.9016
2025-03-26 14:00:00,625.5,627.05,625.11,625.63,5111.177,3200649.6174,15848.0,2674.245,1674563.6444
2025-03-26 14:15:00,625.62,626.32,622.99,624.65,8822.583,5506665.583,20444.0,3344.02,2087903.4889
2025-03-26 14:30:00,624.66,625.32,623.55,623.67,3590.935,2242580.3966,11913.0,1454.745,908563.7626
2025-03-26 14:45:00,623.68,625.9,623.2,625.21,4475.755,2795883.0765,11279.0,2349.398,1467507.9496
2025-03-26 15:00:00,625.2,626.9,625.01,626.66,3265.11,2043858.8596,8725.0,1730.282,1083136.0505
2025-03-26 15:15:00,626.66,626.66,624.83,624.88,3377.578,2113280.1949,9514.0,1664.372,1041298.3445
2025-03-26 15:30:00,624.88,625.39,622.9,625.27,4699.8,2933742.0176,12076.0,1809.009,1129564.735
2025-03-26 15:45:00,625.26,626.85,624.0,624.65,3714.846,2323656.7641,10245.0,2177.8,1362662.9043
2025-03-26 16:00:00,624.65,624.65,622.38,623.6,4816.788,3002113.7717,11666.0,1414.038,881782.2932
2025-03-26 16:15:00,623.6,624.51,623.05,624.28,1143.529,713273.3836,5893.0,672.642,419543.5734
2025-03-26 16:30:00,624.29,625.01,622.73,623.03,2274.661,1418709.7478,7396.0,1137.67,709302.4688
2025-03-26 16:45:00,623.02,623.65,622.0,622.44,1448.769,902308.4451,5872.0,711.619,443170.7774
2025-03-26 17:00:00,622.43,623.02,622.05,622.93,1547.738,963352.9944,6581.0,847.023,527264.8955
2025-03-26 17:15:00,622.92,622.93,620.43,620.93,3959.024,2460706.0242,10312.0,992.76,617123.748
2025-03-26 17:30:00,620.93,621.36,620.1,621.12,2580.688,1601569.4413,9533.0,1603.243,994962.0895
2025-03-26 17:45:00,621.1,621.35,620.01,620.41,1669.09,1035853.0872,5453.0,551.714,342399.1974
2025-03-26 18:00:00,620.41,620.51,619.11,620.3,4715.044,2922466.0849,7324.0,976.034,604857.6599
2025-03-26 18:15:00,620.29,620.64,619.88,620.34,1008.201,625378.2149,4853.0,535.796,332348.0293
2025-03-26 18:30:00,620.34,621.0,619.29,619.56,1439.719,892476.9695,5510.0,773.167,479256.8395
2025-03-26 18:45:00,619.56,619.69,617.28,617.76,3269.674,2021806.4966,9437.0,831.01,513780.7617
2025-03-26 19:00:00,617.77,618.5,615.34,616.01,4526.745,2790203.3356,14988.0,1983.503,1222799.3208
2025-03-26 19:15:00,616.01,618.38,615.3,617.42,2126.909,1312798.6996,9021.0,1153.518,711985.6087
2025-03-26 19:30:00,617.42,619.16,617.36,619.11,1888.458,1167330.9858,5693.0,1051.143,649868.0134
2025-03-26 19:45:00,619.11,619.83,618.21,618.48,1920.647,1189356.7252,6167.0,1142.438,707462.6809
2025-03-26 20:00:00,618.48,619.68,617.73,618.32,2631.553,1627800.9829,6502.0,1302.242,805612.7894
2025-03-26 20:15:00,618.33,619.7,618.23,618.82,1040.6,644172.4815,3930.0,512.739,317418.5628
2025-03-26 20:30:00,618.82,619.78,618.59,619.28,3675.385,2275951.373,6132.0,1096.591,679140.2026
2025-03-26 20:45:00,619.27,619.85,619.01,619.56,650.747,403116.1559,4911.0,387.924,240318.494
2025-03-26 21:00:00,619.56,620.94,618.82,620.93,1975.024,1224133.7477,5820.0,1491.309,924416.1715
2025-03-26 21:15:00,620.94,620.94,619.3,619.62,627.238,388839.6479,3749.0,275.484,170781.8094
2025-03-26 21:30:00,619.61,619.62,617.12,619.12,1853.489,1146942.7624,5412.0,438.588,271180.0864
2025-03-26 21:45:00,619.12,620.52,618.75,620.08,1205.933,747152.859,4740.0,632.393,391825.35
2025-03-26 22:00:00,620.07,620.07,616.88,616.99,2882.064,1781194.0318,9623.0,1249.315,772025.7543
2025-03-26 22:15:00,616.99,617.6,615.86,616.4,1988.838,1225922.4225,5540.0,935.361,576467.5618
2025-03-26 22:30:00,616.4,617.47,616.39,617.3,1082.487,667956.5352,4411.0,725.947,447936.6271
2025-03-26 22:45:00,617.31,618.1,617.27,617.69,1022.057,631403.2174,4304.0,598.647,369825.2905
2025-03-26 23:00:00,617.7,618.1,616.58,617.07,2259.889,1395202.192,6296.0,1100.283,679373.8219
2025-03-26 23:15:00,617.06,617.46,615.78,616.29,2667.756,1643926.7436,5312.0,1094.859,674626.4103
2025-03-26 23:30:00,616.28,617.68,616.28,616.9,1876.703,1157704.9371,4947.0,1012.94,624879.6926
2025-03-26 23:45:00,616.89,618.0,616.7,617.99,1704.661,1052748.9278,3935.0,1279.897,790459.322
2025-03-27 00:00:00,618.0,618.39,617.2,617.7,1578.801,975607.1273,6999.0,776.137,479608.4118
2025-03-27 00:15:00,617.69,619.6,617.61,619.59,890.743,550818.2816,3777.0,649.261,401521.5378
2025-03-27 00:30:00,619.6,621.07,619.27,620.26,2170.149,1346355.8344,6636.0,1223.332,758909.4187
2025-03-27 00:45:00,620.26,621.68,620.26,621.55,1785.641,1108950.4222,6283.0,1063.819,660648.1074
2025-03-27 01:00:00,621.55,622.89,621.43,622.57,1792.322,1115271.4817,7404.0,984.027,612366.496
2025-03-27 01:15:00,622.56,623.12,621.82,622.91,1885.14,1173421.9616,5772.0,1024.634,637805.4648
2025-03-27 01:30:00,622.91,623.12,622.2,622.98,1219.962,759646.0093,4596.0,649.436,404443.1686
2025-03-27 01:45:00,622.98,624.28,622.96,624.0,1262.331,787510.792,4848.0,753.058,469775.2526
2025-03-27 02:00:00,624.0,625.09,623.8,624.89,2039.399,1274135.395,8247.0,1245.583,778156.3284
2025-03-27 02:15:00,624.89,625.65,624.32,624.79,1147.117,717050.4068,4616.0,729.191,455859.9308
2025-03-27 02:30:00,624.8,625.62,624.25,625.34,1174.82,734127.4954,4646.0,699.021,436821.9832
2025-03-27 02:45:00,625.34,626.5,625.08,626.06,2797.774,1750950.6378,6322.0,1227.12,768221.6503
2025-03-27 03:00:00,626.05,626.22,624.76,625.45,1387.726,867630.3191,4257.0,490.758,306824.4702
2025-03-27 03:15:00,625.44,625.88,624.86,625.87,716.667,448142.1166,3659.0,437.633,273685.8902
2025-03-27 03:30:00,625.88,627.01,625.76,626.11,1618.759,1014285.3939,4076.0,1156.698,724777.4576
2025-03-27 03:45:00,626.11,626.98,626.1,626.66,1049.359,657524.5912,3111.0,848.217,531499.5007
2025-03-27 04:00:00,626.65,626.83,625.11,625.58,1065.799,667185.3172,3595.0,418.022,261664.4407
2025-03-27 04:15:00,625.58,625.93,625.4,625.89,490.903,307139.2781,2792.0,269.801,168804.3306
2025-03-27 04:30:00,625.88,626.0,625.46,625.85,878.737,549916.7911,3334.0,471.578,295100.3204
2025-03-27 04:45:00,625.86,627.79,625.72,627.6,1340.771,840526.8559,4291.0,836.515,524386.6326
2025-03-27 05:00:00,627.59,628.45,626.99,628.24,1312.814,824170.3654,5069.0,830.209,521192.9458
2025-03-27 05:15:00,628.24,628.5,626.86,627.43,1140.017,715352.9144,4836.0,494.97,310574.8714
2025-03-27 05:30:00,627.44,627.84,626.68,626.91,1390.908,872355.8066,3993.0,789.803,495429.3847
2025-03-27 05:45:00,626.91,627.71,625.98,626.46,1090.792,683825.5892,5313.0,616.412,386468.1347
2025-03-27 06:00:00,626.47,628.49,626.46,628.0,1198.916,752584.1302,4724.0,697.544,437893.7918
2025-03-27 06:15:00,628.01,630.27,627.95,629.9,3174.374,1998691.9624,8239.0,2668.997,1680683.7947
2025-03-27 06:30:00,629.91,634.26,629.75,633.55,7584.259,4798113.108,16889.0,5265.982,3330893.5257
2025-03-27 06:45:00,633.55,635.2,632.6,634.27,6800.489,4311142.7434,18560.0,4128.638,2617938.8436
2025-03-27 07:00:00,634.27,636.94,634.18,634.98,9477.666,6023542.1875,20022.0,5752.775,3655342.3992
2025-03-27 07:15:00,634.99,635.4,632.95,633.8,5039.18,3196471.7144,13696.0,2354.856,1494028.3605
2025-03-27 07:30:00,633.79,635.19,632.8,633.81,3667.578,2326034.8716,11612.0,1790.967,1135699.0949
2025-03-27 07:45:00,633.81,635.68,633.8,635.3,3359.909,2133682.1401,8899.0,2439.852,1549371.1168
2025-03-27 08:00:00,635.3,637.65,634.83,635.78,5452.514,3469587.8342,15610.0,3746.997,2384609.9522
2025-03-27 08:15:00,635.77,638.91,635.77,638.9,5604.693,3571663.8594,14477.0,3872.058,2467720.1464
2025-03-27 08:30:00,638.91,640.34,637.3,639.53,13158.43,8413856.5159,23636.0,9318.517,5958952.9764
2025-03-27 08:45:00,639.53,640.86,637.88,640.8,14649.491,9374629.2963,22823.0,9508.055,6085118.4338
2025-03-27 09:00:00,640.81,642.5,638.23,640.11,32229.823,20634667.5821,55159.0,20413.194,13068973.3179
2025-03-27 09:15:00,640.1,640.69,636.52,637.17,29430.623,18792978.6314,49220.0,15793.839,10086202.7773
2025-03-27 09:30:00,637.18,638.5,636.97,637.98,30734.15,19601618.1939,41904.0,16193.514,10327932.2805
2025-03-27 09:45:00,637.98,638.2,635.52,636.51,35121.087,22378701.2064,46054.0,17442.919,11114797.3213
2025-03-27 10:00:00,636.51,637.79,636.29,637.02,26705.075,17017760.638,38627.0,13199.697,8411650.2688
2025-03-27 10:15:00,637.02,638.16,637.0,637.45,22022.666,14040853.274,31322.0,10868.705,6929970.5385
2025-03-27 10:30:00,637.45,637.89,633.89,634.29,22308.48,14193385.9098,33091.0,10503.024,6681537.6366
2025-03-27 10:45:00,634.28,635.89,633.57,634.71,17553.745,11142149.3378,29742.0,8765.424,5563801.7802
2025-03-27 11:00:00,634.71,637.0,634.62,636.08,13965.043,8882083.8709,25155.0,7478.432,4756462.0552
2025-03-27 11:15:00,636.09,636.36,633.28,633.78,14404.598,9146065.6371,27990.0,5744.084,3647577.3909
2025-03-27 11:30:00,633.77,634.99,633.48,634.0,11138.315,7065361.9553,21958.0,5243.373,3326099.9552
2025-03-27 11:45:00,634.0,634.21,632.36,632.72,9609.323,6085854.6942,20425.0,4228.649,2678047.9702
2025-03-27 12:00:00,632.71,633.39,628.81,628.87,26352.42,16619611.7245,49179.0,9445.717,5956762.553
2025-03-27 12:15:00,628.87,629.8,626.57,627.72,52863.903,33185185.3816,71720.0,21715.988,13631999.1408
2025-03-27 12:30:00,627.72,627.79,625.79,626.54,24106.113,15105643.6401,34222.0,11539.924,7231205.5895
2025-03-27 12:45:00,626.55,628.38,626.37,628.26,14737.077,9240946.3918,22565.0,7916.243,4964167.2241
2025-03-27 13:00:00,628.25,629.87,627.21,627.76,12006.188,7548911.2755,23594.0,6404.929,4027499.7711
2025-03-27 13:15:00,627.76,632.49,626.2,630.53,17298.178,10872155.616,29429.0,9853.42,6194315.4335
2025-03-27 13:30:00,630.54,632.43,627.13,628.13,23751.601,14946690.2788,42825.0,12879.998,8104931.9064
2025-03-27 13:45:00,628.12,634.47,628.02,633.56,16969.203,10715840.042,28398.0,10099.326,6378746.1808
2025-03-27 14:00:00,633.55,634.84,632.1,633.34,9322.265,5907548.0735,22680.0,5157.995,3269008.4962
2025-03-27 14:15:00,633.35,634.32,631.61,634.31,5846.029,3699233.4174,15077.0,3310.679,2095275.2827
2025-03-27 14:30:00,634.32,637.69,634.31,636.92,10665.993,6783187.8094,18261.0,6974.462,4435731.4836
2025-03-27 14:45:00,636.92,637.37,635.51,637.3,7734.481,4921554.8817,15490.0,4565.132,2905110.8245
2025-03-27 15:00:00,637.3,638.41,636.4,637.03,8048.773,5131368.747,12737.0,4894.408,3120673.6883
2025-03-27 15:15:00,637.03,639.9,636.7,637.44,8590.564,5485667.5527,15783.0,5472.157,3494737.874
2025-03-27 15:30:00,637.45,637.58,635.93,636.6,4402.919,2803388.4152,12812.0,2346.434,1493993.2414
2025-03-27 15:45:00,636.6,638.34,636.06,637.02,4695.834,2993157.6936,12370.0,2666.609,1699725.8554
2025-03-27 16:00:00,637.02,638.83,636.39,638.01,4933.971,3146431.4018,15717.0,2670.355,1702905.9763
2025-03-27 16:15:00,638.0,639.0,637.6,637.71,3207.538,2047540.4053,10404.0,1742.856,1112477.6432
2025-03-27 16:30:00,637.71,638.17,636.64,637.49,1897.623,1209170.9403,9460.0,1025.834,653696.1671
2025-03-27 16:45:00,637.49,637.57,635.29,635.42,3547.131,2256676.6706,10137.0,1717.724,1092972.7486
2025-03-27 17:00:00,635.43,638.1,635.36,637.32,2693.357,1715444.6907,10718.0,1935.943,1232948.1899
2025-03-27 17:15:00,637.32,638.08,636.97,637.07,2981.879,1900688.7313,9209.0,1877.809,1197026.3799
2025-03-27 17:30:00,637.08,638.51,636.46,637.1,5778.612,3683418.0898,14958.0,3349.56,2135236.8397
2025-03-27 17:45:00,637.1,638.6,636.53,637.72,6375.246,4065655.0729,12467.0,3170.248,2021738.4042
2025-03-27 18:00:00,637.73,639.96,637.5,639.94,9449.279,6038197.6219,14178.0,6579.81,4204918.8353
2025-03-27 18:15:00,639.94,640.03,639.16,639.95,9346.583,5979038.0079,11787.0,6888.506,4406726.4902
2025-03-27 18:30:00,639.96,640.33,639.53,640.02,6872.576,4398324.2635,9341.0,4205.876,2691703.462
2025-03-27 18:45:00,640.01,640.3,639.3,639.47,4981.329,3187105.0032,8306.0,3300.404,2111669.6423
2025-03-27 19:00:00,639.47,639.99,638.4,639.97,3923.556,2507685.6695,7329.0,2654.943,1696971.7576
2025-03-27 19:15:00,639.98,640.83,639.32,640.51,4413.136,2825269.4796,7805.0,3396.908,2174726.8807
2025-03-27 19:30:00,640.51,641.51,640.34,641.51,5987.358,3837770.4314,7974.0,4821.994,3090845.7715
2025-03-27 19:45:00,641.51,641.51,639.64,639.87,4756.001,3047217.9581,7988.0,3380.239,2165722.9636
2025-03-27 20:00:00,639.88,639.89,638.05,638.69,1954.844,1248543.7664,7046.0,997.082,636912.7071
2025-03-27 20:15:00,638.69,640.79,638.29,639.83,1913.559,1223712.5032,6632.0,1243.595,795245.5004
2025-03-27 20:30:00,639.83,640.7,639.66,640.65,1189.025,761241.8778,5318.0,759.746,486430.9035
2025-03-27 20:45:00,640.66,640.78,639.83,640.13,1749.525,1120161.0933,4974.0,1181.933,756759.1854
2025-03-27 21:00:00,640.12,640.56,638.5,639.04,3065.64,1959947.2762,5929.0,1583.513,1012382.4173
2025-03-27 21:15:00,639.04,639.55,638.18,639.41,3239.97,2069499.0361,6191.0,1591.866,1016925.1127
2025-03-27 21:30:00,639.4,640.69,639.14,640.43,3117.107,1994995.2838,7361.0,1839.561,1177324.0215
2025-03-27 21:45:00,640.43,640.65,638.26,639.41,1939.165,1240033.5768,6603.0,1002.728,641241.692
2025-03-27 22:00:00,639.41,639.98,638.46,638.94,2353.653,1504093.5227,7226.0,1520.815,971949.2013
2025-03-27 22:15:00,638.94,639.51,638.75,639.16,2510.652,1604734.7728,4894.0,1475.297,942925.4988
2025-03-27 22:30:00,639.16,639.37,637.39,638.2,1926.21,1229246.7707,6349.0,1053.065,672074.3272
2025-03-27 22:45:00,638.2,638.59,637.83,638.52,2173.25,1387214.5056,5725.0,1340.795,855851.1465
2025-03-27 23:00:00,638.51,638.52,636.62,636.82,3844.397,2451169.9004,7893.0,1853.548,1182037.0419
2025-03-27 23:15:00,636.81,638.52,636.75,638.35,2589.937,1652095.1302,5337.0,1629.89,1039699.7336
2025-03-27 23:30:00,638.34,638.34,637.29,637.31,2139.745,1364484.3107,4527.0,905.659,577587.1088
2025-03-27 23:45:00,637.3,637.77,637.17,637.36,1540.574,981977.3595,3944.0,807.141,514474.8247
2025-03-28 00:00:00,637.36,637.51,635.8,636.42,3413.936,2173447.818,8913.0,1674.849,1066358.7695
2025-03-28 00:15:00,636.41,637.0,634.64,634.98,2785.039,1770705.668,6378.0,1313.435,835332.3266
2025-03-28 00:30:00,634.98,636.12,633.85,635.94,7541.108,4789012.1124,15193.0,4043.702,2568094.6678
2025-03-28 00:45:00,635.94,636.89,634.91,636.87,6662.631,4238149.9567,12771.0,3791.17,2411737.7767
2025-03-28 01:00:00,636.88,637.08,634.82,634.98,3668.01,2331648.0749,7155.0,1619.919,1029610.2022
2025-03-28 01:15:00,634.98,635.6,634.7,635.01,2012.587,1278164.4772,5497.0,990.786,629233.9473
2025-03-28 01:30:00,635.01,637.36,634.48,637.01,2512.253,1598082.0163,9240.0,1291.94,822045.0253
2025-03-28 01:45:00,637.0,637.36,636.33,636.41,1705.317,1085881.0509,5685.0,980.268,624168.2973
2025-03-28 02:00:00,636.41,636.6,634.72,635.02,3618.521,2299211.444,6157.0,2210.892,1404860.9412
2025-03-28 02:15:00,635.01,636.0,634.97,635.28,2390.387,1518503.8712,5106.0,1701.934,1081119.3298
2025-03-28 02:30:00,635.28,635.48,633.64,634.1,3841.932,2436678.8665,6970.0,1386.398,879215.2356
2025-03-28 02:45:00,634.11,634.38,633.0,633.19,2314.018,1465986.3855,5973.0,1046.397,662917.7533
2025-03-28 03:00:00,633.2,633.43,632.22,633.18,1536.364,972257.3684,6424.0,801.578,507280.8288
2025-03-28 03:15:00,633.18,633.9,632.24,632.74,2251.348,1425199.4097,8018.0,1143.99,724224.1996
2025-03-28 03:30:00,632.75,633.6,632.64,633.28,1696.039,1073911.1891,5352.0,987.134,625034.5874
2025-03-28 03:45:00,633.29,633.7,632.61,633.5,1494.14,946006.145,4211.0,659.425,417480.3408
2025-03-28 04:00:00,633.5,634.6,632.92,634.43,1447.632,917342.348,4720.0,904.112,572959.3589
2025-03-28 04:15:00,634.42,635.11,633.9,634.41,1523.474,966735.2062,5550.0,725.202,460184.5528
2025-03-28 04:30:00,634.4,634.4,629.2,631.15,14752.562,9308825.6417,27280.0,7461.084,4709273.5608
2025-03-28 04:45:00,631.14,631.6,628.9,631.01,8009.828,5044862.753,17689.0,5235.887,3297756.7742
2025-03-28 05:00:00,631.0,631.76,629.83,630.2,4635.009,2922583.5349,12448.0,2311.06,1457373.5432
2025-03-28 05:15:00,630.2,632.51,629.5,630.59,4775.216,3013079.1833,12258.0,2883.285,1819422.2114
2025-03-28 05:30:00,630.6,631.89,627.99,629.71,11579.247,7287555.0264,14854.0,5961.244,3750925.8219
2025-03-28 05:45:00,629.7,630.81,628.52,629.41,6519.883,4104151.9161,12297.0,2421.094,1524863.0394
2025-03-28 06:00:00,629.4,632.3,628.71,632.08,4363.263,2752548.9501,8977.0,3094.244,1951932.1824
2025-03-28 06:15:00,632.08,633.33,630.82,633.33,4254.539,2688537.9295,8605.0,3088.017,1951329.837
2025-03-28 06:30:00,633.33,633.94,631.68,632.46,4800.118,3037885.858,12138.0,3044.159,1926655.5586
2025-03-28 06:45:00,632.46,632.55,630.9,631.51,5590.379,3531270.152,12497.0,3169.352,2001880.3777
2025-03-28 07:00:00,631.51,633.3,630.51,630.88,4180.077,2641711.1893,9836.0,2207.604,1395158.6945
2025-03-28 07:15:00,630.89,632.0,630.4,631.68,3026.84,1910383.536,6909.0,1893.516,1195006.6012
2025-03-28 07:30:00,631.69,631.69,629.02,629.24,6248.368,3936655.7986,17699.0,3428.345,2159793.45
2025-03-28 07:45:00,629.24,629.9,627.76,628.54,5076.211,3191053.4892,12829.0,2887.855,1815531.0452
2025-03-28 08:00:00,628.54,630.84,628.43,629.81,3038.039,1913947.1018,8916.0,1464.04,922010.1778
2025-03-28 08:15:00,629.8,630.57,628.85,628.94,2422.653,1524948.7456,6993.0,934.678,588365.2217
2025-03-28 08:30:00,628.94,629.19,628.09,628.11,2099.937,1319651.7305,7059.0,1076.371,676442.846
2025-03-28 08:45:00,628.1,629.14,626.78,627.16,2525.336,1585424.0527,7795.0,1094.871,687437.6316
2025-03-28 09:00:00,627.15,628.49,626.71,627.3,3245.562,2037271.0728,8064.0,2053.906,1289133.2301
2025-03-28 09:15:00,627.3,629.13,627.0,629.01,3262.323,2049283.8515,9383.0,1874.255,1177395.7756
2025-03-28 09:30:00,629.01,630.13,628.62,628.62,2534.663,1595020.1321,5616.0,1071.774,674542.5769
2025-03-28 09:45:00,628.63,629.61,628.41,628.98,2469.732,1553313.435,5814.0,1538.451,967623.8297
2025-03-28 10:00:00,628.97,631.87,628.74,631.52,3601.85,2268632.6167,7385.0,1932.011,1216988.3553
2025-03-28 10:15:00,631.51,631.51,630.29,630.98,1799.65,1135145.1692,4595.0,820.809,517667.8846
2025-03-28 10:30:00,630.98,631.18,629.5,630.05,2347.024,1479384.4183,5531.0,912.085,574795.3177
2025-03-28 10:45:00,630.05,630.05,628.44,628.8,2167.735,1364006.582,5925.0,671.697,422808.5902
2025-03-28 11:00:00,628.8,629.53,628.18,628.48,1966.832,1236861.852,7494.0,918.216,577457.1189
2025-03-28 11:15:00,628.47,631.19,626.7,630.07,5716.808,3596178.7849,13836.0,3531.803,2222343.2483
2025-03-28 11:30:00,630.06,630.54,628.93,630.29,3952.2,2489921.0394,9835.0,2596.83,1636055.0856
2025-03-28 11:45:00,630.3,634.0,629.9,633.68,4740.735,2994426.2625,11775.0,3399.107,2145939.0688
2025-03-28 12:00:00,633.67,633.85,630.2,630.31,2644.55,1671988.8795,9331.0,1422.609,899689.6392
2025-03-28 12:15:00,630.31,631.57,629.8,630.4,3469.176,2187898.0743,8846.0,2051.955,1293981.4743
2025-03-28 12:30:00,630.4,631.13,627.5,629.6,5265.822,3312701.6131,17384.0,2750.708,1730728.4258
2025-03-28 12:45:00,629.59,629.8,628.3,628.69,3409.773,2145211.9219,8853.0,1255.385,789770.2662
2025-03-28 13:00:00,628.68,630.14,627.73,630.11,3094.362,1945095.2907,9043.0,1783.175,1120929.0117
2025-03-28 13:15:00,630.1,630.18,628.39,628.39,2901.786,1825906.33,5577.0,1662.15,1045763.3433
2025-03-28 13:30:00,628.4,629.26,627.88,628.51,2580.242,1622315.0347,8859.0,1606.443,1010052.0104
2025-03-28 13:45:00,628.51,628.51,626.32,626.66,2203.385,1382162.2584,8105.0,841.914,528234.516
2025-03-28 14:00:00,626.65,627.3,623.72,624.76,8556.212,5346755.5027,19894.0,4147.912,2591482.857
2025-03-28 14:15:00,624.75,626.73,624.3,625.43,2460.208,1538676.6683,10023.0,1282.612,802154.9301
2025-03-28 14:30:00,625.44,627.78,625.2,627.25,3763.969,2357880.2884,10260.0,2223.054,1392631.4403
2025-03-28 14:45:00,627.25,627.49,625.01,625.62,3361.656,2103480.629,8067.0,1308.56,818745.2305
2025-03-28 15:00:00,625.61,627.1,625.0,626.54,4200.783,2629803.8158,10342.0,2506.872,1569707.155
2025-03-28 15:15:00,626.53,627.52,625.3,626.58,4504.657,2822739.5572,7909.0,2865.727,1795725.5718
2025-03-28 15:30:00,626.59,628.23,626.31,626.88,2779.253,1743474.4733,6871.0,1274.342,799516.0686
2025-03-28 15:45:00,626.88,627.17,625.41,625.42,1979.642,1239955.6504,6258.0,928.289,581437.7525
2025-03-28 16:00:00,625.42,626.49,625.1,625.29,1842.588,1152701.2918,5969.0,1071.032,669981.6995
2025-03-28 16:15:00,625.29,625.7,623.0,624.1,7341.475,4583445.1238,10501.0,2646.529,1652501.7657
2025-03-28 16:30:00,624.11,624.7,623.51,623.56,3075.16,1919254.4212,7105.0,1630.822,1017758.6164
2025-03-28 16:45:00,623.57,623.6,621.35,622.03,5382.735,3350405.2087,9799.0,1828.474,1137642.608
2025-03-28 17:00:00,622.04,622.83,620.78,622.28,3825.409,2377896.6067,9669.0,1544.955,960529.1171
2025-03-28 17:15:00,622.29,624.06,621.9,622.77,1784.738,1112080.7119,7892.0,1086.455,677009.1932
2025-03-28 17:30:00,622.77,623.37,622.08,622.92,1368.274,852160.5849,7007.0,777.084,483978.7513
2025-03-28 17:45:00,622.91,625.3,622.81,625.26,1423.202,888375.658,5402.0,1008.282,629370.4151
2025-03-28 18:00:00,625.26,626.84,625.05,626.11,2167.812,1356994.0942,7184.0,1355.969,848922.1363
2025-03-28 18:15:00,626.12,626.2,623.73,623.8,1252.862,782609.1837,5437.0,420.829,262927.9904
2025-03-28 18:30:00,623.8,624.55,623.16,623.28,2155.355,1344566.1063,5309.0,794.998,496064.6683
2025-03-28 18:45:00,623.27,623.33,621.69,621.86,1970.454,1226248.7028,7229.0,692.751,431047.8775
2025-03-28 19:00:00,621.86,622.33,621.42,621.96,1885.103,1172436.2321,7432.0,637.555,396549.4164
2025-03-28 19:15:00,621.96,621.97,620.41,620.68,1592.843,989017.5467,4992.0,387.795,240742.9663
2025-03-28 19:30:00,620.68,620.68,619.56,619.57,4513.279,2798563.8004,7032.0,620.598,384886.5065
2025-03-28 19:45:00,619.57,620.25,619.0,619.08,1715.595,1062920.9337,9683.0,706.497,437743.8431
2025-03-28 20:00:00,619.08,620.61,618.9,619.59,2177.092,1349093.9724,8674.0,785.795,486950.858
2025-03-28 20:15:00,619.59,619.69,618.43,618.55,1690.442,1046651.2419,5761.0,401.142,248405.2073
2025-03-28 20:30:00,618.56,619.76,618.11,619.16,2619.5,1620809.6452,8402.0,1279.095,791446.7679
2025-03-28 20:45:00,619.16,619.2,616.71,616.98,3776.01,2333045.4818,8520.0,828.332,511749.9964
2025-03-28 21:00:00,616.97,618.16,616.0,618.03,1574.58,971597.8442,6425.0,568.141,350586.6784
2025-03-28 21:15:00,618.04,618.29,616.09,617.66,1493.833,921850.1343,5978.0,708.613,437313.0464
2025-03-28 21:30:00,617.67,618.26,617.02,617.71,1527.167,943147.3031,5950.0,652.126,402737.3352
2025-03-28 21:45:00,617.71,618.29,616.07,616.7,2162.164,1334430.7427,5463.0,1228.649,758534.4425
2025-03-28 22:00:00,616.71,618.42,616.46,618.11,1792.992,1107605.2475,6759.0,1029.449,635918.7712
2025-03-28 22:15:00,618.11,618.77,617.64,618.33,1441.371,891114.1638,6306.0,754.8,466648.2476
2025-03-28 22:30:00,618.33,619.0,618.1,618.96,1689.556,1045101.2128,6369.0,794.276,491335.1367
2025-03-28 22:45:00,618.97,619.93,618.6,619.91,2669.493,1653116.7955,6144.0,1898.07,1175587.1239
2025-03-28 23:00:00,619.91,619.92,618.8,618.84,1162.701,719891.9009,5367.0,398.458,246715.1158
2025-03-28 23:15:00,618.83,619.33,618.14,618.42,1088.332,673354.812,3899.0,363.08,224638.4763
2025-03-28 23:30:00,618.42,619.76,618.13,619.66,1267.463,784377.2354,4993.0,659.141,407957.1042
2025-03-28 23:45:00,619.66,620.19,619.66,619.81,1094.749,678646.5384,5196.0,487.674,302318.4561
2025-03-29 00:00:00,619.81,621.3,618.93,621.24,2878.897,1784970.528,7523.0,1352.659,838777.8523
2025-03-29 00:15:00,621.25,622.59,620.6,622.51,2173.724,1351300.7141,7388.0,1001.676,622731.2437
2025-03-29 00:30:00,622.51,623.84,622.2,623.57,2548.124,1588169.2521,6110.0,803.15,500548.4186
2025-03-29 00:45:00,623.57,623.58,621.5,621.87,3275.465,2038998.0943,6745.0,1184.161,737049.8039
2025-03-29 01:00:00,621.87,622.5,621.5,622.21,2263.756,1408239.4029,5044.0,929.13,578001.4257
2025-03-29 01:15:00,622.21,622.21,619.98,620.07,2822.18,1753411.5617,5648.0,646.147,401499.9799
2025-03-29 01:30:00,620.08,621.2,619.1,619.42,3859.531,2393186.8297,9737.0,1184.709,735006.2258
2025-03-29 01:45:00,619.43,619.66,617.5,618.8,2747.128,1699287.5592,6752.0,817.618,505762.8469
2025-03-29 02:00:00,618.8,619.83,618.59,619.72,2225.103,1377904.5743,6835.0,931.198,576631.4318
2025-03-29 02:15:00,619.72,619.73,616.57,617.0,2020.534,1248600.2147,6555.0,433.471,267698.2141
2025-03-29 02:30:00,617.0,617.94,615.16,615.17,2751.28,1696484.0401,8599.0,869.376,536307.8874
2025-03-29 02:45:00,615.16,615.86,612.1,612.44,5659.749,3476839.8013,17315.0,1947.52,1196582.8883
2025-03-29 03:00:00,612.45,613.4,608.94,611.35,6302.239,3851129.1466,20207.0,2292.908,1402132.5113
2025-03-29 03:15:00,611.35,613.12,610.98,612.01,2747.387,1681540.8281,11653.0,1355.185,829619.8476
2025-03-29 03:30:00,612.01,614.34,612.01,614.21,2351.894,1442551.1791,10574.0,1285.313,788318.1733
2025-03-29 03:45:00,614.22,614.7,612.96,613.02,1993.242,1223453.1471,8394.0,775.983,476271.4843
2025-03-29 04:00:00,613.02,614.23,612.65,613.36,1987.007,1218520.0304,8944.0,827.849,507738.6967
2025-03-29 04:15:00,613.35,613.4,611.4,612.17,2846.62,1742590.9103,6599.0,1040.677,636972.4446
2025-03-29 04:30:00,612.17,612.7,610.9,611.29,2995.852,1833418.6077,8195.0,1639.297,1003406.7769
2025-03-29 04:45:00,611.29,611.67,610.63,611.1,1779.337,1087212.2109,5624.0,744.395,454853.7944
2025-03-29 05:00:00,611.09,611.09,609.1,610.14,2188.044,1334651.3754,8299.0,835.559,509705.6769
2025-03-29 05:15:00,610.14,610.21,607.3,607.63,2876.128,1749560.522,10072.0,1000.388,608373.9938
2025-03-29 05:30:00,607.63,608.65,606.55,608.24,2617.099,1589729.2735,8541.0,1126.673,684463.553
2025-03-29 05:45:00,608.24,608.3,606.84,606.93,1858.518,1129007.8931,6554.0,644.779,391759.3221
2025-03-29 06:00:00,606.94,607.14,603.67,604.13,5630.056,3406660.9145,12446.0,1857.779,1123711.3703
2025-03-29 06:15:00,604.13,605.05,603.0,604.47,3456.397,2087331.1982,13074.0,1193.517,720874.7682
2025-03-29 06:30:00,604.47,607.0,604.3,606.54,2882.046,1746117.0541,9951.0,1135.555,688023.6712
2025-03-29 06:45:00,606.55,607.38,605.0,607.38,2986.944,1810873.514,10902.0,1822.346,1104804.8523
2025-03-29 07:00:00,607.38,607.42,604.75,606.17,2692.523,1631295.2045,8801.0,1327.874,804537.741
2025-03-29 07:15:00,606.17,609.07,605.55,608.73,2343.275,1422874.4652,8364.0,1480.759,899221.5531
2025-03-29 07:30:00,608.73,609.88,607.0,607.79,1455.66,885535.3739,8031.0,719.706,437856.4045
2025-03-29 07:45:00,607.79,608.58,606.11,607.8,1972.422,1198121.1159,9017.0,958.576,582345.0919
2025-03-29 08:00:00,607.79,609.82,606.98,608.63,2623.338,1596351.252,8279.0,1595.415,970858.2606
2025-03-29 08:15:00,608.64,609.75,607.42,608.59,2415.686,1470614.2594,7921.0,1062.263,646651.027
2025-03-29 08:30:00,608.6,610.7,608.6,610.22,2329.91,1420961.4934,7581.0,1472.045,897740.1305
2025-03-29 08:45:00,610.21,610.84,608.95,609.44,1315.201,802205.716,5664.0,664.396,405278.095
2025-03-29 09:00:00,609.44,609.6,607.71,607.72,1473.835,896972.559,6688.0,726.422,442167.0874
2025-03-29 09:15:00,607.72,607.8,606.16,606.24,2272.818,1379705.7035,8439.0,985.014,598031.5518
2025-03-29 09:30:00,606.24,606.85,603.88,604.76,4460.376,2698498.8503,11495.0,1924.428,1164371.7728
2025-03-29 09:45:00,604.74,607.3,603.88,607.29,3170.082,1920235.6247,11462.0,1643.595,995754.5959
2025-03-29 10:00:00,607.3,607.38,605.45,607.29,1527.814,926638.9311,7164.0,692.048,419739.5554
2025-03-29 10:15:00,607.29,608.26,606.64,607.04,1821.264,1106301.6944,5348.0,1037.098,630008.9968
2025-03-29 10:30:00,607.05,607.05,605.2,605.46,2115.799,1282308.7257,7231.0,626.404,379576.9722
2025-03-29 10:45:00,605.45,605.85,603.7,604.5,2744.447,1659812.8557,8710.0,972.737,588288.6387
2025-03-29 11:00:00,604.49,606.37,604.21,606.16,2469.545,1494715.2968,10104.0,1084.447,656409.7996
2025-03-29 11:15:00,606.15,606.28,601.83,602.23,7480.624,4511218.4186,18277.0,3145.886,1897190.1244
2025-03-29 11:30:00,602.23,602.4,599.23,599.84,7420.974,4458931.391,21532.0,1972.255,1184979.2849
2025-03-29 11:45:00,599.84,602.0,599.3,601.08,3534.344,2122376.9733,10271.0,1978.25,1187994.6733
2025-03-29 12:00:00,601.09,603.63,599.78,603.41,2783.838,1675556.6888,11085.0,1446.599,871057.9471
2025-03-29 12:15:00,603.41,605.63,602.26,602.78,6604.715,3987852.8236,12357.0,3926.819,2371874.1446
2025-03-29 12:30:00,602.78,602.9,601.24,601.83,1396.627,840655.8481,6862.0,601.101,361763.0702
2025-03-29 12:45:00,601.83,603.27,601.21,603.03,1702.687,1025370.1774,6141.0,865.442,521152.6881
2025-03-29 13:00:00,603.03,605.42,602.9,605.42,1842.635,1113959.0972,7745.0,1358.096,821046.6771
2025-03-29 13:15:00,605.42,607.0,605.23,605.47,2373.983,1438859.7764,8384.0,1316.224,797756.7583
2025-03-29 13:30:00,605.47,605.87,604.46,605.4,1679.394,1016335.1126,7446.0,895.017,541715.7752
2025-03-29 13:45:00,605.39,607.99,605.39,607.99,2550.05,1547728.1254,7185.0,1655.496,1004822.7199
2025-03-29 14:00:00,607.99,608.5,606.4,606.58,2276.798,1383127.1622,7600.0,1174.992,713832.0177
2025-03-29 14:15:00,606.59,607.18,605.28,605.59,2071.419,1255201.4483,7394.0,826.231,500706.9944
2025-03-29 14:30:00,605.6,607.3,605.4,607.0,1438.637,872127.4343,6940.0,799.55,484722.8111
2025-03-29 14:45:00,607.0,607.05,605.8,606.55,1851.106,1122512.4789,5348.0,1170.499,709766.2926
2025-03-29 15:00:00,606.56,608.12,606.55,607.82,1832.34,1112922.5648,6674.0,1239.771,752987.6628
2025-03-29 15:15:00,607.83,608.45,606.09,606.41,1224.921,744096.4351,5684.0,637.503,387412.7941
2025-03-29 15:30:00,606.4,606.4,604.64,604.69,2154.83,1304908.6264,7876.0,1142.706,692020.8213
2025-03-29 15:45:00,604.69,605.65,604.54,604.73,1016.493,615029.2954,5667.0,574.519,347639.1502
2025-03-29 16:00:00,604.72,607.3,604.72,606.85,1659.871,1006326.7668,11245.0,914.892,554555.1485
2025-03-29 16:15:00,606.84,606.85,604.86,605.24,2089.64,1265875.6399,10105.0,650.303,393830.5066
2025-03-29 16:30:00,605.25,606.3,604.51,604.51,1966.668,1190926.0311,9212.0,813.126,492403.2784
2025-03-29 16:45:00,604.52,604.6,601.31,602.09,5300.777,3194653.143,16153.0,2534.232,1527330.5472
2025-03-29 17:00:00,602.09,602.56,599.25,599.77,6325.8,3798654.4814,13517.0,1887.557,1133850.2954
2025-03-29 17:15:00,599.76,602.06,596.97,601.98,8738.344,5233203.1,21948.0,4419.988,2647344.5787
2025-03-29 17:30:00,601.98,605.85,600.91,601.0,5144.205,3108050.5794,17327.0,2919.129,1764550.4231
2025-03-29 17:45:00,601.01,602.87,599.65,600.84,3462.604,2080244.512,11802.0,1132.282,680696.368
2025-03-29 18:00:00,600.84,601.78,599.09,601.42,11836.664,7111988.7062,13267.0,8915.601,5357181.8163
2025-03-29 18:15:00,601.42,602.23,600.3,602.2,2181.357,1311216.5941,10641.0,1095.069,658310.1217
2025-03-29 18:30:00,602.21,603.6,602.19,602.85,2169.655,1307964.4529,9114.0,983.738,592970.7055
2025-03-29 18:45:00,602.86,603.5,601.56,603.37,1879.65,1132673.786,8216.0,869.513,524041.649
2025-03-29 19:00:00,603.38,605.92,603.2,603.4,2832.497,1711907.8589,10295.0,1828.553,1105285.9531
2025-03-29 19:15:00,603.41,603.9,602.2,603.85,1562.073,942133.9971,5416.0,675.1,407234.1789
2025-03-29 19:30:00,603.85,605.05,603.02,604.75,2828.553,1709276.1629,6477.0,1737.803,1050088.9106
2025-03-29 19:45:00,604.76,605.8,604.21,605.8,1097.979,664385.3828,5574.0,562.917,340650.1638
2025-03-29 20:00:00,605.79,606.0,603.42,603.51,1959.73,1184358.4538,8041.0,614.512,371449.6085
2025-03-29 20:15:00,603.51,604.3,602.6,603.7,949.967,573212.2457,5758.0,357.018,215444.2278
2025-03-29 20:30:00,603.7,604.4,602.2,602.31,1695.026,1023190.2656,6815.0,667.323,402889.8387
2025-03-29 20:45:00,602.3,602.8,601.12,601.53,988.817,594892.2431,6214.0,386.526,232522.5978
2025-03-29 21:00:00,601.53,603.76,601.45,603.25,1325.996,799494.4541,5769.0,675.71,407296.0646
2025-03-29 21:15:00,603.25,603.25,601.8,601.99,932.305,561862.6562,3582.0,414.929,250050.02
2025-03-29 21:30:00,602.0,602.59,600.91,602.55,1559.415,938218.2084,3934.0,1041.206,626362.8352
2025-03-29 21:45:00,602.56,603.57,602.28,602.36,777.705,468851.0499,2601.0,280.499,169045.4926
2025-03-29 22:00:00,602.36,603.55,602.0,603.49,993.156,598910.7913,4130.0,606.459,365715.6788
2025-03-29 22:15:00,603.48,603.48,602.76,603.48,425.584,256687.9961,2715.0,191.974,115789.3966
2025-03-29 22:30:00,603.49,603.92,602.61,602.62,463.656,279742.0614,3075.0,171.756,103632.0964
2025-03-29 22:45:00,602.61,602.62,601.03,601.42,1568.006,943463.1936,4466.0,422.678,254303.055
2025-03-29 23:00:00,601.42,602.4,601.01,602.07,1093.873,658105.2568,4582.0,412.698,248296.9827
2025-03-29 23:15:00,602.07,602.6,601.69,602.07,969.268,583578.2349,4565.0,528.873,318431.2921
2025-03-29 23:30:00,602.06,602.8,601.65,602.79,1062.004,639522.7208,4680.0,511.122,307784.244
2025-03-29 23:45:00,602.79,603.9,602.64,602.99,1416.725,854667.675,4938.0,715.561,431644.8412
2025-03-30 00:00:00,603.0,603.9,602.43,603.87,1648.555,994092.343,6345.0,967.581,583457.3232
2025-03-30 00:15:00,603.87,604.86,603.62,603.77,2367.128,1430207.8391,6573.0,1364.423,824356.5321
2025-03-30 00:30:00,603.77,603.77,600.48,601.35,2818.707,1696490.3403,9199.0,1226.212,737917.6756
2025-03-30 00:45:00,601.35,603.87,601.31,603.69,1367.434,824582.6459,7048.0,891.262,537410.1514
2025-03-30 01:00:00,603.69,606.8,603.65,606.77,3064.334,1856369.7684,9614.0,1837.039,1112661.9829
2025-03-30 01:15:00,606.78,606.78,605.2,605.74,2891.684,1751726.3981,7404.0,942.588,571138.8807
2025-03-30 01:30:00,605.75,607.52,605.66,606.03,2535.663,1538648.2271,7387.0,1249.916,758387.7329
2025-03-30 01:45:00,606.03,606.6,605.3,606.29,1440.003,872488.8654,4845.0,792.938,480425.8176
2025-03-30 02:00:00,606.28,609.2,606.08,608.41,2744.841,1668941.0996,7759.0,1822.965,1108349.3413
2025-03-30 02:15:00,608.41,609.49,608.24,609.18,1692.495,1030617.6135,5111.0,995.301,606082.6491
2025-03-30 02:30:00,609.18,611.7,608.81,611.17,2332.166,1423291.6468,7531.0,1500.78,916190.831
2025-03-30 02:45:00,611.18,612.2,610.6,611.59,3160.417,1932647.7147,5888.0,1228.847,751530.7577
2025-03-30 03:00:00,611.59,613.37,611.59,613.29,1843.068,1128813.5706,6689.0,1295.363,793406.201
2025-03-30 03:15:00,613.28,613.29,610.56,610.57,2724.735,1667444.0514,7947.0,986.613,603823.7169
2025-03-30 03:30:00,610.57,610.66,608.72,609.12,1763.509,1075003.2592,6696.0,645.716,393589.191
2025-03-30 03:45:00,609.12,610.31,608.7,609.0,1484.063,904368.6296,5650.0,752.122,458382.3363
2025-03-30 04:00:00,608.99,611.04,608.94,610.8,1550.771,946083.3939,5300.0,937.204,571780.2124
2025-03-30 04:15:00,610.81,611.2,609.94,610.73,1345.257,821413.5682,4414.0,743.814,454131.8332
2025-03-30 04:30:00,610.74,612.39,610.73,611.9,2589.563,1584204.4243,6187.0,1674.766,1024366.4364
2025-03-30 04:45:00,611.89,612.45,610.89,611.13,1508.112,922678.9317,5001.0,918.225,561774.7053
2025-03-30 05:00:00,611.12,611.24,610.1,611.15,922.276,563233.1266,4710.0,547.319,334243.1283
2025-03-30 05:15:00,611.16,611.81,610.49,611.8,1439.448,879860.6186,3828.0,951.467,581600.1257
2025-03-30 05:30:00,611.81,612.38,611.31,611.57,2155.837,1319025.5626,5289.0,1294.242,791796.5623
2025-03-30 05:45:00,611.57,611.57,609.54,610.07,2028.135,1238101.8711,5450.0,618.078,377316.6813
2025-03-30 06:00:00,610.06,610.29,608.7,608.89,1560.039,950694.4888,4343.0,815.276,496897.4041
2025-03-30 06:15:00,608.9,608.9,607.6,607.7,1457.78,886340.1251,5290.0,592.075,359988.1446
2025-03-30 06:30:00,607.71,609.26,607.25,609.18,1431.595,870772.103,6084.0,824.016,501216.454
2025-03-30 06:45:00,609.18,609.87,607.21,607.79,2188.622,1331982.3002,5838.0,820.436,499290.5031
2025-03-30 07:00:00,607.8,609.25,607.72,609.22,967.645,588728.7957,5218.0,602.126,366384.1902
2025-03-30 07:15:00,609.21,609.7,608.64,608.86,843.858,513980.5877,5170.0,489.782,298311.647
2025-03-30 07:30:00,608.86,608.86,606.77,606.84,1666.581,1012242.8903,5202.0,561.358,340882.301
2025-03-30 07:45:00,606.83,607.37,606.41,606.63,1776.585,1078136.2459,4750.0,823.796,499932.4006
2025-03-30 08:00:00,606.62,607.61,605.95,606.25,2143.032,1300321.3719,5958.0,892.721,541632.064
2025-03-30 08:15:00,606.25,606.4,605.41,606.19,1449.053,877958.8043,6029.0,665.35,403140.4397
2025-03-30 08:30:00,606.19,607.69,606.19,606.61,1220.372,740919.6323,6216.0,534.5,324496.6622
2025-03-30 08:45:00,606.61,608.7,606.4,608.47,1295.212,787270.3287,6637.0,634.671,385701.6001
2025-03-30 09:00:00,608.47,608.92,607.5,608.19,2767.557,1683622.2906,5988.0,1003.5,610264.576
2025-03-30 09:15:00,608.18,609.66,607.72,609.28,1037.862,631744.186,4683.0,647.643,394242.8561
2025-03-30 09:30:00,609.28,610.38,607.94,607.97,2254.238,1373306.9016,6764.0,1013.024,617359.5641
2025-03-30 09:45:00,607.98,608.83,607.35,607.99,1446.189,879174.5975,4996.0,619.406,376599.1342
2025-03-30 10:00:00,607.98,608.79,607.17,608.14,726.598,441963.7949,5771.0,341.407,207671.1449
2025-03-30 10:15:00,608.14,608.14,605.43,605.77,1815.325,1101120.5458,5663.0,635.09,385208.5403
2025-03-30 10:30:00,605.78,606.0,604.0,604.46,2289.533,1384897.2521,8272.0,1125.029,680448.6318
2025-03-30 10:45:00,604.47,606.75,604.3,606.37,1432.715,868071.6487,7671.0,826.139,500554.6306
2025-03-30 11:00:00,606.37,606.91,604.88,606.91,2080.164,1260638.2575,7908.0,964.536,584598.8208
2025-03-30 11:15:00,606.91,607.9,604.42,605.31,2842.773,1722179.5044,8341.0,910.923,551845.9827
2025-03-30 11:30:00,605.3,605.9,604.2,605.31,1588.684,961029.7572,8243.0,712.361,430925.4753
2025-03-30 11:45:00,605.32,606.2,605.02,605.03,1509.782,914421.4303,6501.0,668.717,405033.9938
2025-03-30 12:00:00,605.02,605.49,602.78,603.87,2336.903,1410839.9253,10062.0,1013.057,611604.4145
2025-03-30 12:15:00,603.86,605.73,603.63,605.69,1146.767,693273.9312,6613.0,593.969,359117.4648
2025-03-30 12:30:00,605.7,606.2,604.62,604.81,1157.893,700872.2578,6519.0,716.056,433446.112
2025-03-30 12:45:00,604.81,605.25,604.43,604.94,1157.817,700397.9434,4961.0,490.327,296618.7876
2025-03-30 13:00:00,604.94,605.24,604.22,605.15,1350.994,817233.5414,4803.0,812.191,491291.1922
2025-03-30 13:15:00,605.15,605.79,604.09,604.1,2370.933,1434570.1349,6810.0,767.672,464492.299
2025-03-30 13:30:00,604.1,604.38,601.64,604.12,6920.834,4172746.4426,16530.0,3497.389,2108894.8792
2025-03-30 13:45:00,604.12,604.59,601.11,601.52,4591.775,2769131.0552,9483.0,2606.618,1572495.9918
2025-03-30 14:00:00,601.51,603.4,601.08,602.45,3283.73,1976768.1385,10519.0,1844.098,1109953.5705
2025-03-30 14:15:00,602.44,604.36,602.09,603.77,2374.333,1433473.3268,8734.0,1490.827,900025.1863
2025-03-30 14:30:00,603.77,604.67,603.42,604.25,1904.892,1150635.0007,6623.0,949.211,573276.2336
2025-03-30 14:45:00,604.24,605.17,604.01,604.54,3007.4,1818282.0926,7764.0,1595.296,964547.0746
2025-03-30 15:00:00,604.55,606.03,604.33,606.02,2396.569,1450356.006,7143.0,1242.665,752048.8594
2025-03-30 15:15:00,606.03,606.96,604.2,604.45,2002.561,1212850.154,7927.0,936.012,566800.1182
2025-03-30 15:30:00,604.44,604.87,602.59,602.83,1362.121,821796.3681,6142.0,436.99,263685.9776
2025-03-30 15:45:00,602.83,603.66,601.94,602.16,2752.094,1659262.7283,6540.0,1088.029,655972.9136
2025-03-30 16:00:00,602.15,602.53,601.7,602.19,1676.326,1009305.4171,6525.0,876.119,527503.0573
2025-03-30 16:15:00,602.19,603.2,601.64,602.68,2323.161,1399072.184,5304.0,1470.589,885491.7672
2025-03-30 16:30:00,602.68,603.18,601.11,601.95,2490.538,1499191.5854,9025.0,932.075,561073.3607
2025-03-30 16:45:00,601.95,602.0,598.95,600.2,3804.492,2283399.5348,10239.0,785.09,471348.3087
2025-03-30 17:00:00,600.2,600.9,598.06,600.61,3032.001,1818302.6011,9393.0,1509.817,905398.4724
2025-03-30 17:15:00,600.6,601.4,599.86,600.17,2462.66,1479073.2469,7986.0,1213.274,728655.1014
2025-03-30 17:30:00,600.17,601.81,599.9,599.96,1355.503,814426.191,6300.0,689.352,414232.3594
2025-03-30 17:45:00,599.96,600.98,599.4,600.98,806.589,483993.6487,3709.0,487.466,292486.5031
2025-03-30 18:00:00,600.97,602.75,600.3,602.61,2823.11,1698564.029,8007.0,1770.411,1065279.3379
2025-03-30 18:15:00,602.6,604.42,602.43,604.33,2292.059,1383251.5746,6563.0,1325.418,799773.812
2025-03-30 18:30:00,604.33,604.76,603.4,603.72,1621.747,979607.6485,4891.0,931.868,562808.2762
2025-03-30 18:45:00,603.72,605.0,603.71,604.99,1506.846,910904.8299,5559.0,997.243,602821.5626
2025-03-30 19:00:00,605.0,606.1,603.9,604.42,2105.632,1273382.9075,6347.0,1425.963,862225.479
2025-03-30 19:15:00,604.41,604.55,603.59,604.3,907.58,548159.7455,3692.0,436.61,263701.2514
2025-03-30 19:30:00,604.29,605.3,604.28,605.0,814.987,492878.748,3449.0,431.173,260741.427
2025-03-30 19:45:00,605.0,605.01,603.59,603.93,550.52,332616.5778,2838.0,309.578,187033.3952
2025-03-30 20:00:00,603.94,604.1,602.4,603.6,964.718,581857.3987,3652.0,477.42,287912.6297
2025-03-30 20:15:00,603.6,604.08,603.17,603.45,638.321,385363.865,3540.0,305.297,184292.2377
2025-03-30 20:30:00,603.45,604.2,601.2,602.61,4381.437,2639757.7534,6354.0,674.447,406560.7592
2025-03-30 20:45:00,602.61,602.61,601.43,601.7,811.559,488649.5154,2879.0,392.31,236242.2465
2025-03-30 21:00:00,601.7,602.95,601.69,602.68,1219.523,734568.172,3138.0,692.667,417176.0363
2025-03-30 21:15:00,602.68,602.68,601.33,601.86,988.649,595097.7327,2716.0,376.629,226686.4823
2025-03-30 21:30:00,601.85,601.91,600.55,600.65,1923.256,1156353.093,3519.0,587.512,353147.5551
2025-03-30 21:45:00,600.65,600.74,598.33,599.44,1133.513,679475.7712,4057.0,355.015,212714.0492
2025-03-30 22:00:00,599.43,599.43,593.58,596.2,6275.208,3738337.8342,18048.0,2493.488,1484857.4144
2025-03-30 22:15:00,596.2,598.36,594.9,598.21,3851.805,2299279.1331,9297.0,2290.514,1367393.1024
2025-03-30 22:30:00,598.21,602.57,598.03,601.61,3156.689,1894729.6057,14842.0,2149.892,1290082.0867
2025-03-30 22:45:00,601.6,602.65,601.0,601.56,2132.502,1283620.1445,8757.0,1024.083,616411.5699
2025-03-30 23:00:00,601.56,602.04,599.66,601.46,1543.199,927194.227,9718.0,787.345,473141.3907
2025-03-30 23:15:00,601.45,602.0,598.6,598.6,2674.2,1606063.2209,10810.0,778.94,467622.4941
2025-03-30 23:30:00,598.61,601.46,598.26,601.13,2210.216,1325564.0777,11429.0,1191.461,714538.7563
2025-03-30 23:45:00,601.13,602.25,600.2,602.2,1843.248,1107983.6215,6157.0,459.769,276429.9223
2025-03-31 00:00:00,602.2,602.53,600.48,601.43,2421.905,1457055.7676,11434.0,1142.032,687148.0875
2025-03-31 00:15:00,601.42,602.1,600.01,600.49,1679.953,1009217.9664,9193.0,637.67,383135.4031
2025-03-31 00:30:00,600.5,600.57,595.69,595.99,4615.81,2761109.2029,13189.0,1049.611,627034.5785
2025-03-31 00:45:00,595.99,597.88,595.43,596.86,3984.918,2378426.3232,15531.0,1823.562,1088540.1246
2025-03-31 01:00:00,596.86,601.7,596.59,600.58,6098.753,3658411.567,18066.0,2995.189,1796072.4951
2025-03-31 01:15:00,600.57,604.0,599.38,603.61,4350.869,2617545.9895,15621.0,2282.205,1373549.6685
2025-03-31 01:30:00,603.62,603.79,601.2,603.37,3083.168,1858176.6436,12910.0,1497.817,902808.5455
2025-03-31 01:45:00,603.37,604.76,602.16,604.36,2130.724,1285360.0115,10757.0,1184.09,714303.5983
2025-03-31 02:00:00,604.36,604.65,602.44,603.99,2346.405,1416454.2549,9478.0,940.14,567686.3592
2025-03-31 02:15:00,603.99,605.0,602.3,603.13,1587.572,958274.0107,9110.0,706.585,426629.831
2025-03-31 02:30:00,603.13,606.38,602.46,605.27,5149.408,3113391.7567,11229.0,2072.073,1252546.6373
2025-03-31 02:45:00,605.28,606.73,603.81,603.81,1681.61,1017798.3267,9057.0,694.953,420816.7833
2025-03-31 03:00:00,603.85,604.99,602.06,602.11,1434.246,865881.2337,7331.0,475.923,287473.9119
2025-03-31 03:15:00,602.12,602.6,600.91,602.41,2169.577,1305119.0836,8146.0,887.084,533783.3099
2025-03-31 03:30:00,602.41,603.0,600.3,600.31,1389.664,835660.8075,7389.0,532.276,320163.8229
2025-03-31 03:45:00,600.31,600.35,598.98,599.35,7927.865,4751953.0372,9214.0,2670.602,1600414.8288
2025-03-31 04:00:00,599.34,601.61,599.34,600.14,3600.659,2162816.5219,8982.0,1726.042,1036638.772
2025-03-31 04:15:00,600.14,600.84,599.1,600.79,2904.731,1742394.3908,7537.0,1713.714,1028036.6608
2025-03-31 04:30:00,600.79,602.5,600.05,602.17,1270.902,764057.516,5370.0,734.306,441598.6254
2025-03-31 04:45:00,602.18,602.98,601.47,601.61,755.973,455288.4736,5644.0,368.546,221986.8645
2025-03-31 05:00:00,601.6,603.58,601.38,603.4,1249.492,752979.4994,6635.0,742.13,447297.6585
2025-03-31 05:15:00,603.41,604.67,602.51,604.32,2257.192,1363133.4929,6269.0,928.904,560835.5432
2025-03-31 05:30:00,604.31,604.46,602.78,603.27,1214.739,733547.607,5059.0,258.145,155804.4774
2025-03-31 05:45:00,603.26,603.3,601.58,602.34,1383.631,833400.085,4865.0,502.766,302838.6443
2025-03-31 06:00:00,602.34,603.2,600.8,600.81,903.215,543727.1162,5147.0,363.805,219134.1144
2025-03-31 06:15:00,600.8,602.1,600.37,600.47,1905.755,1145836.8987,6525.0,928.436,558158.8518
2025-03-31 06:30:00,600.47,600.9,599.72,600.63,2601.007,1561819.3637,5858.0,1381.427,829542.9894
2025-03-31 06:45:00,600.63,601.09,599.0,599.39,1580.89,948146.5611,5623.0,625.451,375111.776
2025-03-31 07:00:00,599.4,601.18,598.7,598.8,1973.231,1183437.2469,9445.0,978.61,587015.5494
2025-03-31 07:15:00,598.8,598.96,597.26,598.27,1644.65,983620.6888,9556.0,763.364,456540.7645
2025-03-31 07:30:00,598.28,598.7,596.3,596.43,1527.675,912192.9696,8992.0,573.845,342668.2326
2025-03-31 07:45:00,596.43,597.04,594.24,595.99,3906.814,2326532.1238,13449.0,1843.812,1098273.7062
2025-03-31 08:00:00,595.98,597.91,594.92,597.4,3665.467,2185630.3912,15595.0,1410.341,841158.481
2025-03-31 08:15:00,597.41,597.5,594.74,595.3,2297.277,1367866.5243,8885.0,930.484,554107.791
2025-03-31 08:30:00,595.3,595.71,594.01,594.18,1825.23,1085895.6372,9250.0,845.94,503421.669
2025-03-31 08:45:00,594.17,594.84,591.76,592.06,4086.606,2424313.2583,14807.0,1901.456,1127619.1011
2025-03-31 09:00:00,592.07,593.54,590.01,590.43,5924.835,3504334.627,20414.0,2679.286,1585526.5125
2025-03-31 09:15:00,590.42,592.53,590.42,591.2,2576.173,1523742.7534,10096.0,1381.994,817456.6092
2025-03-31 09:30:00,591.2,591.95,588.87,589.68,5134.866,3030301.2498,13623.0,1789.322,1056800.5875
2025-03-31 09:45:00,589.67,590.2,587.26,589.21,4359.425,2565647.2742,13661.0,1624.167,955990.651
2025-03-31 10:00:00,589.2,591.09,587.74,589.38,3184.934,1877917.2299,13754.0,1700.197,1002868.3995
2025-03-31 10:15:00,589.39,591.86,588.0,591.35,1887.14,1113560.5547,10610.0,1270.613,749798.1989
2025-03-31 10:30:00,591.36,593.4,590.6,593.13,1920.525,1137352.6781,10982.0,1091.679,646522.7372
2025-03-31 10:45:00,593.11,596.2,593.1,595.11,4610.863,2745023.9554,11024.0,3149.066,1874613.1565
2025-03-31 11:00:00,595.11,596.1,594.07,594.75,1190.944,708622.0635,8715.0,541.615,322332.6301
2025-03-31 11:15:00,594.74,594.9,592.43,592.57,3185.6,1891249.7288,9992.0,1208.604,717476.8023
2025-03-31 11:30:00,592.56,594.64,592.4,594.53,1858.822,1103446.4062,6717.0,1187.89,705132.6856
2025-03-31 11:45:00,594.53,596.71,593.91,595.77,2150.89,1280744.2486,7096.0,1234.209,734878.3515
2025-03-31 12:00:00,595.78,596.6,594.8,594.82,1293.559,770991.6341,8329.0,801.313,477637.7165
2025-03-31 12:15:00,594.82,596.6,594.11,596.26,1473.054,877161.376,7052.0,861.837,513255.6812
2025-03-31 12:30:00,596.26,598.98,595.69,598.98,2914.368,1740960.0551,9933.0,2227.492,1330803.2673
2025-03-31 12:45:00,598.98,602.37,598.33,600.26,5112.071,3070420.0043,17684.0,3115.707,1871287.1396
2025-03-31 13:00:00,600.26,603.23,599.4,599.4,7206.203,4331601.597,23983.0,4540.191,2729905.2117
2025-03-31 13:15:00,599.4,600.4,598.27,598.52,2731.099,1637501.9478,10251.0,1200.895,720113.3832
2025-03-31 13:30:00,598.52,599.19,594.42,595.56,4220.094,2517071.5174,22208.0,2129.026,1270144.7034
2025-03-31 13:45:00,595.55,598.68,593.94,598.31,9177.949,5477637.8182,24775.0,3664.06,2187341.3029
2025-03-31 14:00:00,598.31,602.2,598.3,602.09,4478.713,2689530.2278,16601.0,3378.723,2028755.4877
2025-03-31 14:15:00,602.07,603.03,599.55,600.93,5293.494,3181487.0648,18431.0,1847.106,1110512.5753
2025-03-31 14:30:00,600.93,606.5,600.91,604.06,16763.746,10133565.9569,22690.0,9338.817,5642800.0023
2025-03-31 14:45:00,604.06,606.7,603.9,605.24,4157.946,2516788.8735,17530.0,2214.57,1340594.48
2025-03-31 15:00:00,605.25,606.43,603.03,603.25,4086.981,2471413.9789,13254.0,2128.106,1287253.2595
2025-03-31 15:15:00,603.25,605.34,602.3,604.08,3333.114,2012899.0644,9632.0,2206.159,1332752.6657
2025-03-31 15:30:00,604.09,604.69,603.61,603.89,1657.276,1001200.7207,8567.0,879.859,531550.0413
2025-03-31 15:45:00,603.89,605.6,603.88,604.23,1999.493,1209513.5638,6282.0,991.203,599665.4115
2025-03-31 16:00:00,604.23,606.0,603.39,603.9,2388.288,1444518.0163,9074.0,1228.35,742930.3533
2025-03-31 16:15:00,603.9,605.88,602.68,605.5,2343.199,1415559.9123,7847.0,1071.368,647542.9059
2025-03-31 16:30:00,605.51,606.25,604.38,604.49,1914.235,1158685.3628,7525.0,934.04,565497.7641
2025-03-31 16:45:00,604.49,605.69,604.1,604.23,1470.708,889952.356,6175.0,944.417,571537.9951
2025-03-31 17:00:00,604.22,607.08,604.06,606.8,2181.859,1322302.9036,6687.0,1537.579,931777.574
2025-03-31 17:15:00,606.8,608.4,605.96,608.36,3557.764,2159722.5358,8214.0,1214.28,737550.0774
2025-03-31 17:30:00,608.37,608.89,603.94,604.3,3732.322,2265476.9799,11958.0,1546.019,938862.0751
2025-03-31 17:45:00,604.31,606.02,603.14,605.34,2284.734,1381370.0909,8069.0,1302.84,788068.239
2025-03-31 18:00:00,605.34,607.59,605.3,606.71,1828.091,1108323.5068,8360.0,1266.312,767815.7888
2025-03-31 18:15:00,606.7,607.73,606.51,607.47,1278.956,776519.789,5326.0,749.152,454805.682
2025-03-31 18:30:00,607.47,607.97,606.52,607.33,1428.741,867980.6095,6099.0,780.735,474283.887
2025-03-31 18:45:00,607.33,608.02,606.7,607.3,801.958,487087.9954,4088.0,409.443,248724.3656
2025-03-31 19:00:00,607.3,607.83,606.4,606.4,1730.745,1050585.7891,6465.0,653.349,396569.5321
2025-03-31 19:15:00,606.41,606.9,605.41,605.84,880.564,533876.9767,4452.0,434.921,263710.3073
2025-03-31 19:30:00,605.85,606.88,605.53,606.66,1029.941,624607.149,4370.0,621.431,376896.4406
2025-03-31 19:45:00,606.66,606.99,604.38,605.25,2588.57,1567687.3199,6595.0,925.051,560685.8534
2025-03-31 20:00:00,605.26,607.17,605.25,606.6,1268.98,769471.8332,5148.0,843.022,511202.5819
2025-03-31 20:15:00,606.61,607.3,606.3,607.05,499.774,303325.9492,3354.0,222.511,135049.5132
2025-03-31 20:30:00,607.05,607.2,606.52,606.89,568.571,345069.1366,3636.0,223.556,135681.675
2025-03-31 20:45:00,606.9,606.9,604.69,605.1,969.383,587049.2769,3938.0,406.238,245995.2261
2025-03-31 21:00:00,605.1,606.5,605.1,606.5,761.875,461696.9468,3847.0,418.582,253653.3601
2025-03-31 21:15:00,606.5,606.5,605.72,605.94,740.474,448838.4618,2574.0,336.432,203900.298
2025-03-31 21:30:00,605.94,606.84,605.93,606.69,914.349,554548.3021,2463.0,739.44,448476.1159
2025-03-31 21:45:00,606.68,606.8,605.87,606.04,432.835,262447.9887,2811.0,186.196,112890.9116
2025-03-31 22:00:00,606.05,606.05,604.32,604.48,1063.753,643738.307,5482.0,389.337,235658.2596
2025-03-31 22:15:00,604.47,604.47,603.24,603.78,1298.249,783756.127,4797.0,497.56,300361.9472
2025-03-31 22:30:00,603.77,604.5,603.7,604.0,604.189,364984.6124,3435.0,303.998,183616.6393
2025-03-31 22:45:00,604.0,604.97,603.9,604.86,469.419,283731.1287,2155.0,283.131,171117.5446
2025-03-31 23:00:00,604.86,606.2,604.85,605.62,1443.991,874539.3828,3490.0,867.355,525232.7809
2025-03-31 23:15:00,605.63,606.67,604.67,604.67,2006.097,1214275.5703,4875.0,1189.045,719690.2486
2025-03-31 23:30:00,604.68,605.77,604.32,605.25,1041.75,630253.6649,3009.0,573.9,347255.3675
2025-03-31 23:45:00,605.25,605.28,604.61,604.81,748.145,452620.3187,3113.0,366.279,221592.2955
2025-04-01 00:00:00,604.81,606.48,604.46,606.04,1384.176,837949.2111,4329.0,809.615,490238.2096
2025-04-01 00:15:00,606.04,606.88,605.48,606.71,912.447,553123.2512,3414.0,442.814,268487.8183
2025-04-01 00:30:00,606.72,606.99,606.08,606.8,756.556,458959.9837,3435.0,438.698,266160.7777
2025-04-01 00:45:00,606.79,607.5,605.6,607.1,1759.914,1067923.5023,7300.0,1074.035,651700.8146
2025-04-01 01:00:00,607.09,607.1,604.82,605.59,1320.198,800052.3349,5444.0,516.622,313013.2885
2025-04-01 01:15:00,605.6,606.36,605.14,606.18,897.188,543464.7484,3315.0,648.719,392948.9044
2025-04-01 01:30:00,606.19,606.3,605.33,605.82,784.694,475498.6751,3028.0,473.973,287222.4978
2025-04-01 01:45:00,605.82,606.74,605.4,605.69,782.089,474053.2906,3018.0,436.888,264833.5137
2025-04-01 02:00:00,605.68,607.27,605.6,607.0,893.77,542189.6314,3898.0,626.624,380128.88
2025-04-01 02:15:00,607.0,607.59,606.74,606.86,1388.579,843215.5204,3911.0,820.08,497988.0845
2025-04-01 02:30:00,606.87,607.35,606.18,607.35,981.432,595493.4559,3809.0,604.834,367031.3334
2025-04-01 02:45:00,607.34,608.32,606.99,608.28,2463.808,1496419.8606,5291.0,920.592,559213.0818
2025-04-01 03:00:00,608.28,609.28,608.03,609.1,1352.636,823224.6303,4926.0,970.751,590826.1069
2025-04-01 03:15:00,609.11,609.86,608.83,608.84,1704.128,1038214.9485,4251.0,969.693,590754.9683
2025-04-01 03:30:00,608.83,609.24,608.76,608.78,2630.831,1601775.7201,2846.0,856.74,521675.0491
2025-04-01 03:45:00,608.77,609.03,608.76,609.03,915.18,557220.6956,2318.0,495.428,301650.5424
2025-04-01 04:00:00,609.02,609.4,608.25,608.34,3685.971,2244229.784,4355.0,1005.841,612614.1727
2025-04-01 04:15:00,608.35,608.79,608.11,608.78,879.619,535169.7776,2539.0,547.87,333328.7309
2025-04-01 04:30:00,608.78,609.1,608.65,608.98,835.907,508941.4786,3129.0,398.663,242728.9212
2025-04-01 04:45:00,608.98,609.48,608.81,609.34,945.372,575839.0259,2650.0,319.741,194781.9136
2025-04-01 05:00:00,609.34,609.8,609.21,609.66,710.785,433234.0368,2710.0,453.9,276651.7133
2025-04-01 05:15:00,609.66,610.63,609.65,610.01,3115.131,1900609.8332,4642.0,2411.237,1471064.6715
2025-04-01 05:30:00,610.0,610.21,608.33,608.35,1232.065,750488.7189,3179.0,432.557,263470.3868
2025-04-01 05:45:00,608.36,608.36,607.5,607.5,2039.725,1240104.7388,3601.0,585.458,355842.7643
2025-04-01 06:00:00,607.5,607.95,606.8,607.95,1108.298,672998.056,4010.0,574.852,349093.0659
2025-04-01 06:15:00,607.94,608.6,607.94,608.27,1302.841,792536.5754,3201.0,783.899,476880.114
2025-04-01 06:30:00,608.28,609.79,608.1,609.49,1438.549,876119.7613,5137.0,899.417,547819.8437
2025-04-01 06:45:00,609.49,611.38,609.0,610.78,3142.996,1918204.4525,5684.0,2171.261,1325164.2356
2025-04-01 07:00:00,610.77,610.88,608.84,608.85,2844.966,1733778.8083,6654.0,1635.028,996413.6316
2025-04-01 07:15:00,608.85,609.72,608.49,609.71,1315.225,800937.0297,4292.0,870.756,530240.93
2025-04-01 07:30:00,609.72,611.21,609.4,611.16,1649.654,1007043.3719,4848.0,1288.405,786515.8883
2025-04-01 07:45:00,611.16,611.37,610.08,610.39,1936.067,1182526.3796,4687.0,890.989,544324.862
2025-04-01 08:00:00,610.39,612.15,610.33,612.07,3096.131,1892002.3682,5701.0,2001.953,1223442.5559
2025-04-01 08:15:00,612.07,614.31,611.97,614.18,5342.556,3277188.3058,12673.0,3025.835,1855961.768
2025-04-01 08:30:00,614.19,617.3,613.24,615.16,11318.79,6963494.4933,19684.0,7525.491,4629570.6069
2025-04-01 08:45:00,615.17,617.5,614.9,615.87,8118.185,5002684.2189,16190.0,4482.065,2762264.3989
2025-04-01 09:00:00,615.86,617.3,614.32,614.57,6929.425,4268107.4066,16385.0,3685.782,2270345.2808
2025-04-01 09:15:00,614.56,617.12,614.41,616.61,4184.299,2578643.8902,11473.0,2277.651,1403633.8043
2025-04-01 09:30:00,616.61,617.95,616.6,617.85,4523.81,2792634.7934,9511.0,2314.1,1428504.161
2025-04-01 09:45:00,617.85,618.54,616.42,616.6,2994.219,1848971.9569,8314.0,1468.208,906829.0744
2025-04-01 10:00:00,616.61,616.89,614.33,615.24,3309.456,2036626.2291,9538.0,1481.771,911848.3341
2025-04-01 10:15:00,615.25,615.88,614.94,614.97,2067.402,1272447.5621,6130.0,819.499,504415.3848
2025-04-01 10:30:00,614.97,615.0,611.76,611.91,9477.91,5807486.3569,19113.0,4041.812,2475786.431
2025-04-01 10:45:00,611.91,612.25,608.98,609.42,7934.917,4845249.2815,13008.0,2927.315,1787911.1803
2025-04-01 11:00:00,609.42,609.6,606.4,607.63,7147.761,4345405.9891,18210.0,3092.076,1879720.593
2025-04-01 11:15:00,607.64,609.64,607.64,608.66,3275.968,1993589.5599,10861.0,1722.936,1048506.3687
2025-04-01 11:30:00,608.66,608.68,606.95,607.63,3135.594,1905472.9652,8532.0,1313.416,798122.6813
2025-04-01 11:45:00,607.63,607.87,606.8,607.5,2672.794,1623381.1068,7686.0,1373.653,834411.5058
2025-04-01 12:00:00,607.51,615.79,607.46,613.26,13400.136,8206087.1514,26514.0,8094.381,4954074.6082
2025-04-01 12:15:00,613.27,613.75,610.74,610.94,3432.313,2101973.8854,11390.0,1503.234,920777.3459
2025-04-01 12:30:00,610.95,612.56,610.21,612.07,5552.287,3395862.9333,11375.0,3739.569,2287392.7406
2025-04-01 12:45:00,612.08,613.6,611.24,612.97,2705.427,1657099.8411,9795.0,1551.406,950403.2014
2025-04-01 13:00:00,612.96,614.07,612.16,613.95,2493.444,1529409.1155,8707.0,1480.834,908342.4384
2025-04-01 13:15:00,613.95,614.45,613.4,614.0,3017.01,1852160.202,8353.0,1483.162,910562.2994
2025-04-01 13:30:00,614.0,615.4,612.67,614.41,5659.395,3475569.7254,17438.0,3140.205,1928434.6211
2025-04-01 13:45:00,614.41,615.61,613.0,614.26,4098.146,2517028.3037,9730.0,2190.718,1345520.9126
2025-04-01 14:00:00,614.26,615.99,611.59,612.55,23982.721,14721023.8701,48384.0,13952.117,8565736.7584
2025-04-01 14:15:00,612.56,615.11,612.56,614.54,19455.298,11947600.1184,29755.0,12927.691,7939042.9126
2025-04-01 14:30:00,614.53,617.0,614.43,616.18,19075.609,11747545.4572,25030.0,11971.054,7371391.7071
2025-04-01 14:45:00,616.18,616.8,615.0,615.32,20960.313,12909186.7232,31363.0,10345.82,6372049.7204
2025-04-01 15:00:00,615.32,616.88,615.32,616.26,21599.329,13304339.9428,33214.0,10198.608,6281980.2473
2025-04-01 15:15:00,616.26,617.33,614.89,616.99,20500.927,12637332.0578,32634.0,9787.557,6033317.2299
2025-04-01 15:30:00,617.0,617.3,615.39,616.42,19079.002,11756863.6112,29233.0,8083.245,4981194.8313
2025-04-01 15:45:00,616.42,617.2,614.87,615.26,22334.525,13764458.31,27808.0,11038.341,6801824.6253
2025-04-01 16:00:00,615.25,615.89,612.9,613.1,26510.506,16286950.2817,40315.0,12196.515,7492992.28
2025-04-01 16:15:00,613.11,614.29,611.85,612.0,13570.391,8320282.1016,27837.0,6074.825,3724988.1104
2025-04-01 16:30:00,612.0,613.2,611.13,611.51,10532.507,6448618.4339,21513.0,4644.619,2843827.4771
2025-04-01 16:45:00,611.51,615.34,610.44,610.64,27320.658,16722674.5718,49118.0,11282.377,6904923.8021
2025-04-01 17:00:00,610.65,611.34,606.87,608.19,53262.17,32438272.0825,68820.0,23720.164,14447231.9531
2025-04-01 17:15:00,608.18,610.47,607.73,608.98,21788.438,13273025.49,29444.0,11155.827,6795153.7893
2025-04-01 17:30:00,608.98,610.0,608.76,608.95,9603.244,5852202.0632,14789.0,5420.701,3303269.5283
2025-04-01 17:45:00,608.95,610.7,608.95,609.55,9359.871,5709361.7552,13269.0,5573.842,3399539.6322
2025-04-01 18:00:00,609.54,609.87,607.9,607.91,4844.906,2949514.2827,12798.0,2868.618,1746402.8126
2025-04-01 18:15:00,607.91,608.3,607.55,608.28,3735.57,2270808.5158,9132.0,2160.428,1313305.6616
2025-04-01 18:30:00,608.29,609.0,607.78,608.86,1983.182,1206444.8207,7270.0,1190.26,724074.6731
2025-04-01 18:45:00,608.86,608.9,607.9,608.23,2069.679,1259172.8979,6279.0,1211.985,737356.1005
2025-04-01 19:00:00,608.22,608.6,607.71,607.98,1361.366,827917.6655,5990.0,813.367,494656.1175
2025-04-01 19:15:00,607.97,608.6,606.95,606.96,1135.727,690047.8721,5219.0,499.841,303696.3141
2025-04-01 19:30:00,606.95,607.83,606.71,607.78,1063.003,645549.5311,4639.0,534.186,324385.5697
2025-04-01 19:45:00,607.77,609.09,607.43,608.66,2809.146,1708487.9249,5200.0,2057.018,1251005.5791
2025-04-01 20:00:00,608.66,608.85,607.73,608.85,1600.073,973212.1046,5829.0,979.05,595432.9857
2025-04-01 20:15:00,608.85,609.15,607.7,608.27,1793.681,1090856.1378,5405.0,1074.591,653498.6564
2025-04-01 20:30:00,608.28,608.75,608.0,608.59,1123.092,683214.7594,3887.0,414.429,252124.937
2025-04-01 20:45:00,608.6,609.74,608.6,609.73,1190.385,725246.8958,4774.0,687.048,418601.4901
2025-04-01 21:00:00,609.74,610.96,609.26,610.83,1526.164,931204.5686,4630.0,943.73,575801.286
2025-04-01 21:15:00,610.81,610.81,609.75,609.79,820.703,500854.3707,2616.0,391.433,238875.6087
2025-04-01 21:30:00,609.79,610.62,609.39,609.5,925.789,564541.8592,4156.0,470.572,286980.5835
2025-04-01 21:45:00,609.5,609.5,608.57,609.03,602.5,366941.0516,2520.0,268.018,163212.1458
2025-04-01 22:00:00,609.03,610.32,608.83,610.2,942.267,574428.2217,5481.0,479.58,292375.4292
2025-04-01 22:15:00,610.19,610.6,609.97,610.5,1833.372,1118753.5752,3765.0,865.368,528066.5965
2025-04-01 22:30:00,610.5,614.99,610.5,611.98,11392.122,6977435.3968,18888.0,6788.286,4156458.6082
2025-04-01 22:45:00,611.95,612.1,610.0,610.29,1159.57,708750.9809,3885.0,393.113,240255.2668
2025-04-01 23:00:00,610.28,610.33,608.66,609.18,1526.922,930359.5869,4546.0,736.124,448469.7478
2025-04-01 23:15:00,609.18,610.69,609.18,610.69,1244.941,759402.5806,3824.0,802.717,489706.5313
2025-04-01 23:30:00,610.69,612.31,610.53,611.39,3133.98,1916778.2164,6478.0,1951.058,1193254.9458
2025-04-01 23:45:00,611.39,611.5,611.0,611.13,1851.248,1131310.2044,3456.0,601.577,367634.78
2025-04-02 00:00:00,611.12,611.66,609.74,610.1,1845.57,1127544.2358,5432.0,778.921,475883.2557
2025-04-02 00:15:00,610.11,610.5,608.64,609.03,1208.3,736634.9041,5310.0,480.894,293169.2985
2025-04-02 00:30:00,609.04,609.8,608.61,608.88,1121.693,683428.0117,5537.0,404.067,246198.6222
2025-04-02 00:45:00,608.88,609.18,607.35,607.9,1173.096,713422.2675,6409.0,426.808,259577.8016
2025-04-02 01:00:00,607.91,608.0,606.47,607.11,2718.403,1650583.2848,11363.0,1377.875,836646.8825
2025-04-02 01:15:00,607.1,607.46,606.51,606.52,2174.173,1319393.0141,8164.0,1344.97,816189.4258
2025-04-02 01:30:00,606.52,609.12,606.25,608.11,3123.488,1897543.8232,9395.0,1459.863,887132.0904
2025-04-02 01:45:00,608.1,608.26,606.45,606.99,2083.232,1264551.8434,7404.0,1142.973,693779.7344
2025-04-02 02:00:00,606.99,607.32,603.4,603.44,3912.735,2367544.0715,13796.0,1417.5,857841.0716
2025-04-02 02:15:00,603.44,604.03,601.42,603.7,7862.847,4739043.7054,14314.0,2071.383,1249019.3361
2025-04-02 02:30:00,603.7,604.81,602.83,603.8,1991.933,1202851.7786,8183.0,1007.311,608270.8115
2025-04-02 02:45:00,603.81,604.6,600.49,601.06,5496.818,3313288.9679,11675.0,1555.886,938645.137
2025-04-02 03:00:00,601.07,604.1,600.04,603.43,3711.654,2232868.7682,10673.0,1248.9,752209.9362
2025-04-02 03:15:00,603.43,604.49,603.0,604.09,2223.637,1342112.2408,6769.0,1057.157,638253.3713
2025-04-02 03:30:00,604.09,604.09,601.92,602.69,2527.109,1523150.887,7257.0,860.403,518706.6408
2025-04-02 03:45:00,602.69,602.89,600.55,601.39,6249.706,3756855.2975,7577.0,3313.331,1991047.9331
2025-04-02 04:00:00,601.39,602.26,600.87,601.16,2357.025,1417473.5078,7064.0,1067.663,642204.8461
2025-04-02 04:15:00,601.16,601.84,600.76,601.62,1146.804,689578.9302,4776.0,672.979,404681.8182
2025-04-02 04:30:00,601.62,601.62,600.3,600.47,1316.833,790933.8576,5263.0,712.365,427859.0095
2025-04-02 04:45:00,600.48,601.0,600.01,600.61,1471.5,883636.1685,5154.0,646.743,388345.2777
2025-04-02 05:00:00,600.6,600.61,597.84,599.12,8587.257,5145462.3074,10876.0,1970.355,1180684.6412
2025-04-02 05:15:00,599.12,599.15,597.02,597.31,3622.538,2165819.0004,10495.0,1766.576,1056146.2312
